timesheet_id,employee_id,work_date,time_in,time_out
0,0,9/23/2023,08:46,18:07
1,1,9/23/2023,08:52,18:09
2,2,9/23/2023,08:49,18:05
3,3,9/23/2023,08:54,18:07
4,4,9/23/2023,08:47,18:06
5,5,9/23/2023,08:48,18:05
6,0,9/24/2023,08:57,18:15
7,1,9/24/2023,08:49,18:14
8,2,9/24/2023,08:54,18:14
9,3,9/24/2023,08:58,18:06
10,4,9/24/2023,08:58,18:13
11,5,9/24/2023,08:50,18:06
12,0,9/25/2023,08:55,18:13
13,1,9/25/2023,08:48,18:08
14,2,9/25/2023,08:56,18:09
15,3,9/25/2023,08:58,18:06
16,4,9/25/2023,08:56,18:05
17,5,9/25/2023,08:53,18:08
18,0,9/26/2023,08:51,18:14
19,1,9/26/2023,08:53,18:08
20,2,9/26/2023,08:50,18:13
21,3,9/26/2023,08:48,18:14
22,4,9/26/2023,08:56,18:13
23,5,9/26/2023,08:52,18:13
24,0,9/27/2023,08:57,18:08
25,1,9/27/2023,08:50,18:12
26,2,9/27/2023,08:58,18:05
27,3,9/27/2023,08:45,18:10
28,4,9/27/2023,08:53,18:08
29,5,9/27/2023,08:48,18:09
30,0,9/28/2023,08:46,18:05
31,1,9/28/2023,08:52,18:13
32,2,9/28/2023,08:50,18:05
33,3,9/28/2023,08:49,18:11
34,4,9/28/2023,08:59,18:10
35,5,9/28/2023,08:45,18:10
36,0,9/29/2023,08:45,18:06
37,1,9/29/2023,08:54,18:10
38,2,9/29/2023,08:45,18:05
39,3,9/29/2023,08:57,18:11
40,4,9/29/2023,08:45,18:06
41,5,9/29/2023,08:47,18:11
42,0,9/30/2023,08:45,18:12
43,1,9/30/2023,08:56,18:12
44,2,9/30/2023,08:56,18:11
45,3,9/30/2023,08:47,18:06
46,4,9/30/2023,08:51,18:08
47,5,9/30/2023,08:51,18:10
48,0,10/1/2023,08:48,18:14
49,1,10/1/2023,08:57,18:12
50,2,10/1/2023,08:56,18:10
51,3,10/1/2023,08:54,18:09
52,4,10/1/2023,08:49,18:15
53,5,10/1/2023,08:56,18:07
54,0,10/2/2023,08:53,18:07
55,1,10/2/2023,08:57,18:09
56,2,10/2/2023,08:59,18:08
57,3,10/2/2023,08:46,18:15
58,4,10/2/2023,08:49,18:07
59,5,10/2/2023,08:47,18:11
60,0,10/3/2023,08:49,18:12
61,1,10/3/2023,08:46,18:15
62,2,10/3/2023,08:58,18:10
63,3,10/3/2023,08:57,18:07
64,4,10/3/2023,08:54,18:12
65,5,10/3/2023,08:50,18:09
66,0,10/4/2023,08:49,18:07
67,1,10/4/2023,08:58,18:11
68,2,10/4/2023,08:52,18:10
69,3,10/4/2023,08:55,18:07
70,4,10/4/2023,08:56,18:07
71,5,10/4/2023,08:52,18:13
72,0,10/5/2023,08:46,18:06
73,1,10/5/2023,08:51,18:13
74,2,10/5/2023,08:47,18:13
75,3,10/5/2023,08:59,18:05
76,4,10/5/2023,08:45,18:14
77,5,10/5/2023,08:47,18:10
78,0,10/6/2023,08:53,18:12
79,1,10/6/2023,08:58,18:10
80,2,10/6/2023,08:46,18:15
81,3,10/6/2023,08:46,18:11
82,4,10/6/2023,08:51,18:11
83,5,10/6/2023,08:54,18:08
84,0,10/7/2023,08:48,18:06
85,1,10/7/2023,08:49,18:15
86,2,10/7/2023,08:46,18:14
87,3,10/7/2023,08:54,18:06
88,4,10/7/2023,08:54,18:15
89,5,10/7/2023,08:54,18:05
90,0,10/8/2023,08:57,18:11
91,1,10/8/2023,08:49,18:08
92,2,10/8/2023,08:58,18:13
93,3,10/8/2023,08:58,18:11
94,4,10/8/2023,08:45,18:13
95,5,10/8/2023,08:56,18:13
96,0,10/9/2023,08:49,18:10
97,1,10/9/2023,08:45,18:11
98,2,10/9/2023,08:54,18:12
99,3,10/9/2023,08:45,18:05
100,4,10/9/2023,08:56,18:06
101,5,10/9/2023,08:55,18:07
102,0,10/10/2023,08:51,18:05
103,1,10/10/2023,08:59,18:08
104,2,10/10/2023,08:50,18:06
105,3,10/10/2023,08:47,18:13
106,4,10/10/2023,08:56,18:06
107,5,10/10/2023,08:56,18:11
108,0,10/11/2023,08:59,18:06
109,1,10/11/2023,08:56,18:11
110,2,10/11/2023,08:45,18:06
111,3,10/11/2023,08:46,18:06
112,4,10/11/2023,08:49,18:05
113,5,10/11/2023,08:54,18:09
114,0,10/12/2023,08:47,18:09
115,1,10/12/2023,08:57,18:15
116,2,10/12/2023,08:52,18:14
117,3,10/12/2023,08:52,18:05
118,4,10/12/2023,08:49,18:09
119,5,10/12/2023,08:46,18:13
120,0,10/13/2023,08:52,18:11
121,1,10/13/2023,08:51,18:09
122,2,10/13/2023,08:49,18:12
123,3,10/13/2023,08:49,18:07
124,4,10/13/2023,08:59,18:08
125,5,10/13/2023,08:57,18:05
126,0,10/14/2023,08:54,18:07
127,1,10/14/2023,08:45,18:15
128,2,10/14/2023,08:45,18:06
129,3,10/14/2023,08:52,18:07
130,4,10/14/2023,08:52,18:14
131,5,10/14/2023,08:55,18:11
132,0,10/15/2023,08:53,18:13
133,1,10/15/2023,08:55,18:12
134,2,10/15/2023,08:53,18:15
135,3,10/15/2023,08:46,18:05
136,4,10/15/2023,08:54,18:15
137,5,10/15/2023,08:56,18:11
138,0,10/16/2023,08:49,18:13
139,1,10/16/2023,08:51,18:05
140,2,10/16/2023,08:46,18:12
141,3,10/16/2023,08:47,18:05
142,4,10/16/2023,08:51,18:12
143,5,10/16/2023,08:49,18:06
144,0,10/17/2023,08:59,18:08
145,1,10/17/2023,08:56,18:08
146,2,10/17/2023,08:45,18:08
147,3,10/17/2023,08:51,18:15
148,4,10/17/2023,08:52,18:09
149,5,10/17/2023,08:53,18:09
150,0,10/18/2023,08:49,18:05
151,1,10/18/2023,08:57,18:10
152,2,10/18/2023,08:58,18:12
153,3,10/18/2023,08:56,18:15
154,4,10/18/2023,08:54,18:09
155,5,10/18/2023,08:58,18:08
156,0,10/19/2023,08:58,18:15
157,1,10/19/2023,08:55,18:07
158,2,10/19/2023,08:51,18:05
159,3,10/19/2023,08:53,18:10
160,4,10/19/2023,08:53,18:11
161,5,10/19/2023,08:48,18:14
162,0,10/20/2023,08:51,18:05
163,1,10/20/2023,08:45,18:05
164,2,10/20/2023,08:56,18:11
165,3,10/20/2023,08:45,18:06
166,4,10/20/2023,08:46,18:08
167,5,10/20/2023,08:53,18:05
168,0,10/21/2023,08:57,18:06
169,1,10/21/2023,08:50,18:11
170,2,10/21/2023,08:51,18:11
171,3,10/21/2023,08:54,18:11
172,4,10/21/2023,08:50,18:15
173,5,10/21/2023,08:57,18:06
174,0,10/22/2023,08:50,18:12
175,1,10/22/2023,08:46,18:06
176,2,10/22/2023,08:53,18:13
177,3,10/22/2023,08:56,18:15
178,4,10/22/2023,08:57,18:13
179,5,10/22/2023,08:46,18:06
180,0,10/23/2023,08:51,18:14
181,1,10/23/2023,08:54,18:07
182,2,10/23/2023,08:49,18:13
183,3,10/23/2023,08:59,18:07
184,4,10/23/2023,08:45,18:13
185,5,10/23/2023,08:49,18:13
186,0,10/24/2023,08:45,18:11
187,1,10/24/2023,08:49,18:08
188,2,10/24/2023,08:47,18:11
189,3,10/24/2023,08:51,18:10
190,4,10/24/2023,08:45,18:06
191,5,10/24/2023,08:49,18:09
192,0,10/25/2023,08:59,18:14
193,1,10/25/2023,08:45,18:08
194,2,10/25/2023,08:54,18:07
195,3,10/25/2023,08:48,18:07
196,4,10/25/2023,08:53,18:11
197,5,10/25/2023,08:45,18:14
198,0,10/26/2023,08:45,18:05
199,1,10/26/2023,08:54,18:13
200,2,10/26/2023,08:47,18:06
201,3,10/26/2023,08:57,18:14
202,4,10/26/2023,08:57,18:13
203,5,10/26/2023,08:50,18:15
204,0,10/27/2023,08:50,18:12
205,1,10/27/2023,08:53,18:13
206,2,10/27/2023,08:58,18:14
207,3,10/27/2023,08:50,18:11
208,4,10/27/2023,08:56,18:13
209,5,10/27/2023,08:53,18:08
210,0,10/28/2023,08:55,18:11
211,1,10/28/2023,08:45,18:13
212,2,10/28/2023,08:54,18:05
213,3,10/28/2023,08:55,18:07
214,4,10/28/2023,08:57,18:11
215,5,10/28/2023,08:50,18:15
216,0,10/29/2023,08:49,18:14
217,1,10/29/2023,08:58,18:12
218,2,10/29/2023,08:50,18:07
219,3,10/29/2023,08:46,18:14
220,4,10/29/2023,08:59,18:15
221,5,10/29/2023,08:56,18:13
222,0,10/30/2023,08:56,18:09
223,1,10/30/2023,08:55,18:06
224,2,10/30/2023,08:48,18:07
225,3,10/30/2023,08:52,18:09
226,4,10/30/2023,08:52,18:07
227,5,10/30/2023,08:51,18:08
228,0,10/31/2023,08:59,18:11
229,1,10/31/2023,08:57,18:15
230,2,10/31/2023,08:47,18:10
231,3,10/31/2023,08:46,18:12
232,4,10/31/2023,08:55,18:12
233,5,10/31/2023,08:49,18:13
234,0,11/1/2023,08:45,18:14
235,1,11/1/2023,08:54,18:06
236,2,11/1/2023,08:45,18:12
237,3,11/1/2023,08:52,18:13
238,4,11/1/2023,08:58,18:11
239,5,11/1/2023,08:56,18:10
240,0,11/2/2023,08:58,18:09
241,1,11/2/2023,08:59,18:10
242,2,11/2/2023,08:54,18:08
243,3,11/2/2023,08:48,18:08
244,4,11/2/2023,08:46,18:09
245,5,11/2/2023,08:52,18:09
246,0,11/3/2023,08:45,18:10
247,1,11/3/2023,08:54,18:08
248,2,11/3/2023,08:45,18:07
249,3,11/3/2023,08:48,18:06
250,4,11/3/2023,08:50,18:11
251,5,11/3/2023,08:45,18:07
252,0,11/4/2023,08:55,18:11
253,1,11/4/2023,08:59,18:10
254,2,11/4/2023,08:47,18:15
255,3,11/4/2023,08:45,18:05
256,4,11/4/2023,08:49,18:13
257,5,11/4/2023,08:57,18:05
258,0,11/5/2023,08:53,18:12
259,1,11/5/2023,08:46,18:05
260,2,11/5/2023,08:47,18:08
261,3,11/5/2023,08:57,18:06
262,4,11/5/2023,08:49,18:13
263,5,11/5/2023,08:51,18:08
264,0,11/6/2023,08:47,18:12
265,1,11/6/2023,08:53,18:07
266,2,11/6/2023,08:59,18:08
267,3,11/6/2023,08:59,18:14
268,4,11/6/2023,08:54,18:12
269,5,11/6/2023,08:59,18:15
270,0,11/7/2023,08:48,18:05
271,1,11/7/2023,08:48,18:12
272,2,11/7/2023,08:47,18:09
273,3,11/7/2023,08:59,18:06
274,4,11/7/2023,08:58,18:09
275,5,11/7/2023,08:59,18:15
276,0,11/8/2023,08:46,18:08
277,1,11/8/2023,08:45,18:07
278,2,11/8/2023,08:51,18:15
279,3,11/8/2023,08:54,18:07
280,4,11/8/2023,08:46,18:14
281,5,11/8/2023,08:50,18:11
282,0,11/9/2023,08:46,18:06
283,1,11/9/2023,08:54,18:07
284,2,11/9/2023,08:53,18:06
285,3,11/9/2023,08:59,18:12
286,4,11/9/2023,08:59,18:07
287,5,11/9/2023,08:57,18:11
288,0,11/10/2023,08:51,18:14
289,1,11/10/2023,08:47,18:05
290,2,11/10/2023,08:53,18:09
291,3,11/10/2023,08:53,18:11
292,4,11/10/2023,08:56,18:11
293,5,11/10/2023,08:55,18:05
294,0,11/11/2023,08:49,18:12
295,1,11/11/2023,08:54,18:06
296,2,11/11/2023,08:46,18:08
297,3,11/11/2023,08:58,18:11
298,4,11/11/2023,08:59,18:15
299,5,11/11/2023,08:50,18:05
300,0,11/12/2023,08:59,18:11
301,1,11/12/2023,08:57,18:12
302,2,11/12/2023,08:55,18:05
303,3,11/12/2023,08:53,18:05
304,4,11/12/2023,08:47,18:11
305,5,11/12/2023,08:52,18:14
306,0,11/13/2023,08:56,18:12
307,1,11/13/2023,08:50,18:13
308,2,11/13/2023,08:50,18:10
309,3,11/13/2023,08:55,18:12
310,4,11/13/2023,08:45,18:12
311,5,11/13/2023,08:56,18:07
312,0,11/14/2023,08:52,18:05
313,1,11/14/2023,08:46,18:06
314,2,11/14/2023,08:51,18:07
315,3,11/14/2023,08:51,18:08
316,4,11/14/2023,08:47,18:12
317,5,11/14/2023,08:45,18:06
318,0,11/15/2023,08:51,18:12
319,1,11/15/2023,08:51,18:14
320,2,11/15/2023,08:48,18:06
321,3,11/15/2023,08:49,18:05
322,4,11/15/2023,08:46,18:15
323,5,11/15/2023,08:47,18:09
324,0,11/16/2023,08:52,18:06
325,1,11/16/2023,08:51,18:15
326,2,11/16/2023,08:57,18:15
327,3,11/16/2023,08:51,18:07
328,4,11/16/2023,08:56,18:05
329,5,11/16/2023,08:51,18:08
330,0,11/17/2023,08:59,18:08
331,1,11/17/2023,08:52,18:12
332,2,11/17/2023,08:53,18:13
333,3,11/17/2023,08:58,18:05
334,4,11/17/2023,08:49,18:06
335,5,11/17/2023,08:57,18:10
336,0,11/18/2023,08:47,18:15
337,1,11/18/2023,08:51,18:06
338,2,11/18/2023,08:54,18:15
339,3,11/18/2023,08:53,18:11
340,4,11/18/2023,08:46,18:12
341,5,11/18/2023,08:56,18:15
342,0,11/19/2023,08:46,18:07
343,1,11/19/2023,08:49,18:13
344,2,11/19/2023,08:49,18:10
345,3,11/19/2023,08:50,18:11
346,4,11/19/2023,08:59,18:14
347,5,11/19/2023,08:45,18:05
348,0,11/20/2023,08:57,18:09
349,1,11/20/2023,08:54,18:10
350,2,11/20/2023,08:57,18:06
351,3,11/20/2023,08:52,18:09
352,4,11/20/2023,08:59,18:06
353,5,11/20/2023,08:53,18:06
354,0,11/21/2023,08:57,18:06
355,1,11/21/2023,08:57,18:11
356,2,11/21/2023,08:55,18:08
357,3,11/21/2023,08:46,18:08
358,4,11/21/2023,08:45,18:12
359,5,11/21/2023,08:45,18:08
360,0,11/22/2023,08:59,18:08
361,1,11/22/2023,08:46,18:11
362,2,11/22/2023,08:57,18:06
363,3,11/22/2023,08:59,18:11
364,4,11/22/2023,08:55,18:13
365,5,11/22/2023,08:56,18:11
366,0,11/23/2023,08:49,18:10
367,1,11/23/2023,08:54,18:13
368,2,11/23/2023,08:46,18:07
369,3,11/23/2023,08:49,18:15
370,4,11/23/2023,08:52,18:09
371,5,11/23/2023,08:56,18:07
372,0,11/24/2023,08:52,18:10
373,1,11/24/2023,08:53,18:13
374,2,11/24/2023,08:46,18:11
375,3,11/24/2023,08:48,18:07
376,4,11/24/2023,08:55,18:05
377,5,11/24/2023,08:57,18:12
378,0,11/25/2023,08:58,18:10
379,1,11/25/2023,08:58,18:14
380,2,11/25/2023,08:53,18:15
381,3,11/25/2023,08:50,18:13
382,4,11/25/2023,08:47,18:08
383,5,11/25/2023,08:59,18:07
384,0,11/26/2023,08:57,18:13
385,1,11/26/2023,08:55,18:08
386,2,11/26/2023,08:59,18:14
387,3,11/26/2023,08:59,18:06
388,4,11/26/2023,08:46,18:15
389,5,11/26/2023,08:59,18:06
390,0,11/27/2023,08:59,18:08
391,1,11/27/2023,08:53,18:10
392,2,11/27/2023,08:54,18:15
393,3,11/27/2023,08:51,18:14
394,4,11/27/2023,08:50,18:13
395,5,11/27/2023,08:48,18:15
396,0,11/28/2023,08:58,18:06
397,1,11/28/2023,08:53,18:05
398,2,11/28/2023,08:51,18:10
399,3,11/28/2023,08:49,18:11
400,4,11/28/2023,08:54,18:07
401,5,11/28/2023,08:48,18:10
402,0,11/29/2023,08:56,18:12
403,1,11/29/2023,08:58,18:10
404,2,11/29/2023,08:53,18:06
405,3,11/29/2023,08:56,18:07
406,4,11/29/2023,08:58,18:06
407,5,11/29/2023,08:54,18:12
408,0,11/30/2023,08:51,18:10
409,1,11/30/2023,08:51,18:14
410,2,11/30/2023,08:57,18:09
411,3,11/30/2023,08:56,18:10
412,4,11/30/2023,08:59,18:15
413,5,11/30/2023,08:45,18:08
414,0,12/1/2023,08:47,18:09
415,1,12/1/2023,08:51,18:07
416,2,12/1/2023,08:55,18:06
417,3,12/1/2023,08:51,18:09
418,4,12/1/2023,08:56,18:06
419,5,12/1/2023,08:55,18:05
420,0,12/2/2023,08:50,18:08
421,1,12/2/2023,08:46,18:11
422,2,12/2/2023,08:48,18:13
423,3,12/2/2023,08:50,18:10
424,4,12/2/2023,08:58,18:13
425,5,12/2/2023,08:49,18:05
426,0,12/3/2023,08:47,18:06
427,1,12/3/2023,08:49,18:12
428,2,12/3/2023,08:53,18:12
429,3,12/3/2023,08:53,18:11
430,4,12/3/2023,08:56,18:11
431,5,12/3/2023,08:50,18:15
432,0,12/4/2023,08:52,18:12
433,1,12/4/2023,08:48,18:09
434,2,12/4/2023,08:47,18:06
435,3,12/4/2023,08:48,18:09
436,4,12/4/2023,08:47,18:06
437,5,12/4/2023,08:59,18:14
438,0,12/5/2023,08:45,18:14
439,1,12/5/2023,08:51,18:10
440,2,12/5/2023,08:50,18:14
441,3,12/5/2023,08:49,18:13
442,4,12/5/2023,08:57,18:08
443,5,12/5/2023,08:47,18:12
444,0,12/6/2023,08:53,18:12
445,1,12/6/2023,08:55,18:06
446,2,12/6/2023,08:54,18:08
447,3,12/6/2023,08:47,18:10
448,4,12/6/2023,08:48,18:10
449,5,12/6/2023,08:47,18:07
450,0,12/7/2023,08:55,18:07
451,1,12/7/2023,08:57,18:11
452,2,12/7/2023,08:53,18:05
453,3,12/7/2023,08:58,18:12
454,4,12/7/2023,08:48,18:08
455,5,12/7/2023,08:58,18:11
456,0,12/8/2023,08:51,18:06
457,1,12/8/2023,08:47,18:11
458,2,12/8/2023,08:53,18:05
459,3,12/8/2023,08:57,18:09
460,4,12/8/2023,08:59,18:15
461,5,12/8/2023,08:50,18:13
462,0,12/9/2023,08:50,18:14
463,1,12/9/2023,08:59,18:07
464,2,12/9/2023,08:59,18:10
465,3,12/9/2023,08:46,18:11
466,4,12/9/2023,08:52,18:05
467,5,12/9/2023,08:49,18:15
468,0,12/10/2023,08:59,18:12
469,1,12/10/2023,08:49,18:06
470,2,12/10/2023,08:56,18:13
471,3,12/10/2023,08:50,18:07
472,4,12/10/2023,08:53,18:08
473,5,12/10/2023,08:48,18:12
474,0,12/11/2023,08:53,18:15
475,1,12/11/2023,08:48,18:07
476,2,12/11/2023,08:51,18:08
477,3,12/11/2023,08:59,18:09
478,4,12/11/2023,08:55,18:10
479,5,12/11/2023,08:51,18:09
480,0,12/12/2023,08:57,18:07
481,1,12/12/2023,08:51,18:05
482,2,12/12/2023,08:49,18:11
483,3,12/12/2023,08:58,18:07
484,4,12/12/2023,08:47,18:09
485,5,12/12/2023,08:46,18:13
486,0,12/13/2023,08:52,18:10
487,1,12/13/2023,08:54,18:05
488,2,12/13/2023,08:59,18:06
489,3,12/13/2023,08:48,18:11
490,4,12/13/2023,08:54,18:06
491,5,12/13/2023,08:58,18:15
492,0,12/14/2023,08:47,18:10
493,1,12/14/2023,08:56,18:15
494,2,12/14/2023,08:52,18:10
495,3,12/14/2023,08:52,18:10
496,4,12/14/2023,08:56,18:11
497,5,12/14/2023,08:56,18:05
498,0,12/15/2023,08:47,18:07
499,1,12/15/2023,08:46,18:14
500,2,12/15/2023,08:49,18:08
501,3,12/15/2023,08:58,18:14
502,4,12/15/2023,08:54,18:08
503,5,12/15/2023,08:55,18:15
504,0,12/16/2023,08:48,18:09
505,1,12/16/2023,08:56,18:10
506,2,12/16/2023,08:50,18:13
507,3,12/16/2023,08:54,18:14
508,4,12/16/2023,08:59,18:06
509,5,12/16/2023,08:47,18:13
510,0,12/17/2023,08:57,18:14
511,1,12/17/2023,08:57,18:11
512,2,12/17/2023,08:48,18:10
513,3,12/17/2023,08:49,18:15
514,4,12/17/2023,08:55,18:10
515,5,12/17/2023,08:55,18:12
516,0,12/18/2023,08:59,18:07
517,1,12/18/2023,08:58,18:10
518,2,12/18/2023,08:46,18:13
519,3,12/18/2023,08:53,18:15
520,4,12/18/2023,08:55,18:10
521,5,12/18/2023,08:46,18:11
522,0,12/19/2023,08:49,18:12
523,1,12/19/2023,08:48,18:10
524,2,12/19/2023,08:59,18:08
525,3,12/19/2023,08:55,18:15
526,4,12/19/2023,08:45,18:09
527,5,12/19/2023,08:50,18:08
528,0,12/20/2023,08:45,18:05
529,1,12/20/2023,08:54,18:12
530,2,12/20/2023,08:54,18:11
531,3,12/20/2023,08:58,18:09
532,4,12/20/2023,08:51,18:05
533,5,12/20/2023,08:55,18:14
534,0,12/21/2023,08:57,18:13
535,1,12/21/2023,08:46,18:13
536,2,12/21/2023,08:46,18:11
537,3,12/21/2023,08:48,18:11
538,4,12/21/2023,08:52,18:06
539,5,12/21/2023,08:59,18:13
540,0,12/22/2023,08:55,18:15
541,1,12/22/2023,08:57,18:15
542,2,12/22/2023,08:56,18:07
543,3,12/22/2023,08:59,18:05
544,4,12/22/2023,08:49,18:14
545,5,12/22/2023,08:59,18:06
546,0,12/23/2023,08:49,18:11
547,1,12/23/2023,08:55,18:13
548,2,12/23/2023,08:55,18:07
549,3,12/23/2023,08:50,18:12
550,4,12/23/2023,08:53,18:13
551,5,12/23/2023,08:49,18:08
552,0,12/24/2023,08:57,18:11
553,1,12/24/2023,08:53,18:10
554,2,12/24/2023,08:56,18:12
555,3,12/24/2023,08:51,18:06
556,4,12/24/2023,08:57,18:12
557,5,12/24/2023,08:52,18:09
558,0,12/25/2023,08:46,18:05
559,1,12/25/2023,08:49,18:12
560,2,12/25/2023,08:59,18:10
561,3,12/25/2023,08:45,18:15
562,4,12/25/2023,08:58,18:10
563,5,12/25/2023,08:52,18:08
564,0,12/26/2023,08:47,18:05
565,1,12/26/2023,08:50,18:12
566,2,12/26/2023,08:52,18:05
567,3,12/26/2023,08:59,18:10
568,4,12/26/2023,08:48,18:09
569,5,12/26/2023,08:51,18:10
570,0,12/27/2023,08:57,18:10
571,1,12/27/2023,08:51,18:07
572,2,12/27/2023,08:59,18:05
573,3,12/27/2023,08:59,18:11
574,4,12/27/2023,08:54,18:08
575,5,12/27/2023,08:51,18:15
576,0,12/28/2023,08:55,18:05
577,1,12/28/2023,08:54,18:10
578,2,12/28/2023,08:56,18:08
579,3,12/28/2023,08:58,18:07
580,4,12/28/2023,08:47,18:12
581,5,12/28/2023,08:48,18:06
582,0,12/29/2023,08:56,18:07
583,1,12/29/2023,08:49,18:10
584,2,12/29/2023,08:53,18:12
585,3,12/29/2023,08:57,18:09
586,4,12/29/2023,08:52,18:12
587,5,12/29/2023,08:59,18:09
588,0,12/30/2023,08:54,18:09
589,1,12/30/2023,08:50,18:05
590,2,12/30/2023,08:56,18:11
591,3,12/30/2023,08:57,18:15
592,4,12/30/2023,08:58,18:08
593,5,12/30/2023,08:49,18:11
594,0,12/31/2023,08:46,18:12
595,1,12/31/2023,08:52,18:14
596,2,12/31/2023,08:49,18:08
597,3,12/31/2023,08:57,18:08
598,4,12/31/2023,08:55,18:06
599,5,12/31/2023,08:50,18:14
600,0,1/1/2024,08:56,18:12
601,1,1/1/2024,08:48,18:14
602,2,1/1/2024,08:55,18:07
603,3,1/1/2024,08:46,18:11
604,4,1/1/2024,08:48,18:15
605,5,1/1/2024,08:57,18:13
606,0,1/2/2024,08:53,18:08
607,1,1/2/2024,08:58,18:06
608,2,1/2/2024,08:50,18:08
609,3,1/2/2024,08:59,18:11
610,4,1/2/2024,08:58,18:07
611,5,1/2/2024,08:59,18:05
612,0,1/3/2024,08:57,18:07
613,1,1/3/2024,08:56,18:14
614,2,1/3/2024,08:55,18:13
615,3,1/3/2024,08:49,18:15
616,4,1/3/2024,08:53,18:09
617,5,1/3/2024,08:54,18:06
618,0,1/4/2024,08:58,18:07
619,1,1/4/2024,08:54,18:12
620,2,1/4/2024,08:59,18:14
621,3,1/4/2024,08:49,18:07
622,4,1/4/2024,08:49,18:08
623,5,1/4/2024,08:51,18:14
624,0,1/5/2024,08:54,18:05
625,1,1/5/2024,08:59,18:13
626,2,1/5/2024,08:50,18:14
627,3,1/5/2024,08:51,18:14
628,4,1/5/2024,08:59,18:10
629,5,1/5/2024,08:54,18:11
630,0,1/6/2024,08:45,18:15
631,1,1/6/2024,08:48,18:06
632,2,1/6/2024,08:47,18:11
633,3,1/6/2024,08:51,18:15
634,4,1/6/2024,08:56,18:08
635,5,1/6/2024,08:54,18:07
636,0,1/7/2024,08:57,18:15
637,1,1/7/2024,08:50,18:11
638,2,1/7/2024,08:50,18:13
639,3,1/7/2024,08:59,18:11
640,4,1/7/2024,08:56,18:06
641,5,1/7/2024,08:49,18:13
642,0,1/8/2024,08:49,18:12
643,1,1/8/2024,08:55,18:15
644,2,1/8/2024,08:47,18:14
645,3,1/8/2024,08:56,18:14
646,4,1/8/2024,08:50,18:11
647,5,1/8/2024,08:48,18:11
648,0,1/9/2024,08:56,18:10
649,1,1/9/2024,08:58,18:07
650,2,1/9/2024,08:56,18:12
651,3,1/9/2024,08:48,18:08
652,4,1/9/2024,08:49,18:12
653,5,1/9/2024,08:54,18:15
654,0,1/10/2024,08:55,18:05
655,1,1/10/2024,08:47,18:07
656,2,1/10/2024,08:47,18:13
657,3,1/10/2024,08:58,18:14
658,4,1/10/2024,08:51,18:12
659,5,1/10/2024,08:48,18:13
660,0,1/11/2024,08:52,18:07
661,1,1/11/2024,08:58,18:05
662,2,1/11/2024,08:45,18:07
663,3,1/11/2024,08:55,18:10
664,4,1/11/2024,08:51,18:06
665,5,1/11/2024,08:47,18:07
666,0,1/12/2024,08:54,18:06
667,1,1/12/2024,08:45,18:06
668,2,1/12/2024,08:48,18:11
669,3,1/12/2024,08:58,18:13
670,4,1/12/2024,08:56,18:14
671,5,1/12/2024,08:45,18:10
672,0,1/13/2024,08:57,18:07
673,1,1/13/2024,08:48,18:10
674,2,1/13/2024,08:45,18:11
675,3,1/13/2024,08:50,18:05
676,4,1/13/2024,08:54,18:10
677,5,1/13/2024,08:49,18:14
678,0,1/14/2024,08:46,18:11
679,1,1/14/2024,08:46,18:12
680,2,1/14/2024,08:52,18:11
681,3,1/14/2024,08:56,18:15
682,4,1/14/2024,08:48,18:11
683,5,1/14/2024,08:53,18:14
684,0,1/15/2024,08:48,18:05
685,1,1/15/2024,08:57,18:11
686,2,1/15/2024,08:45,18:07
687,3,1/15/2024,08:52,18:05
688,4,1/15/2024,08:47,18:14
689,5,1/15/2024,08:49,18:11
690,0,1/16/2024,08:50,18:08
691,1,1/16/2024,08:59,18:05
692,2,1/16/2024,08:48,18:11
693,3,1/16/2024,08:49,18:13
694,4,1/16/2024,08:49,18:07
695,5,1/16/2024,08:56,18:07
696,0,1/17/2024,08:58,18:08
697,1,1/17/2024,08:47,18:13
698,2,1/17/2024,08:50,18:08
699,3,1/17/2024,08:52,18:09
700,4,1/17/2024,08:47,18:09
701,5,1/17/2024,08:58,18:14
702,0,1/18/2024,08:46,18:06
703,1,1/18/2024,08:47,18:11
704,2,1/18/2024,08:53,18:05
705,3,1/18/2024,08:46,18:15
706,4,1/18/2024,08:49,18:11
707,5,1/18/2024,08:58,18:12
708,0,1/19/2024,08:56,18:08
709,1,1/19/2024,08:47,18:06
710,2,1/19/2024,08:51,18:13
711,3,1/19/2024,08:49,18:10
712,4,1/19/2024,08:54,18:06
713,5,1/19/2024,08:50,18:05
714,0,1/20/2024,08:51,18:08
715,1,1/20/2024,08:48,18:07
716,2,1/20/2024,08:54,18:14
717,3,1/20/2024,08:52,18:13
718,4,1/20/2024,08:50,18:12
719,5,1/20/2024,08:48,18:11
720,0,1/21/2024,08:50,18:09
721,1,1/21/2024,08:48,18:07
722,2,1/21/2024,08:59,18:08
723,3,1/21/2024,08:57,18:11
724,4,1/21/2024,08:58,18:14
725,5,1/21/2024,08:47,18:10
726,0,1/22/2024,08:57,18:06
727,1,1/22/2024,08:45,18:10
728,2,1/22/2024,08:46,18:13
729,3,1/22/2024,08:54,18:07
730,4,1/22/2024,08:48,18:14
731,5,1/22/2024,08:59,18:07
732,0,1/23/2024,08:45,18:13
733,1,1/23/2024,08:47,18:12
734,2,1/23/2024,08:53,18:11
735,3,1/23/2024,08:56,18:08
736,4,1/23/2024,08:54,18:12
737,5,1/23/2024,08:49,18:14
738,0,1/24/2024,08:56,18:11
739,1,1/24/2024,08:52,18:14
740,2,1/24/2024,08:51,18:14
741,3,1/24/2024,08:59,18:06
742,4,1/24/2024,08:52,18:10
743,5,1/24/2024,08:45,18:07
744,0,1/25/2024,08:46,18:14
745,1,1/25/2024,08:51,18:06
746,2,1/25/2024,08:51,18:09
747,3,1/25/2024,08:54,18:12
748,4,1/25/2024,08:52,18:09
749,5,1/25/2024,08:51,18:09
750,0,1/26/2024,08:45,18:09
751,1,1/26/2024,08:45,18:11
752,2,1/26/2024,08:56,18:08
753,3,1/26/2024,08:45,18:08
754,4,1/26/2024,08:50,18:11
755,5,1/26/2024,08:51,18:14
756,0,1/27/2024,08:45,18:08
757,1,1/27/2024,08:53,18:05
758,2,1/27/2024,08:45,18:11
759,3,1/27/2024,08:45,18:07
760,4,1/27/2024,08:58,18:15
761,5,1/27/2024,08:47,18:15
762,0,1/28/2024,08:58,18:10
763,1,1/28/2024,08:50,18:05
764,2,1/28/2024,08:47,18:12
765,3,1/28/2024,08:48,18:09
766,4,1/28/2024,08:48,18:12
767,5,1/28/2024,08:45,18:14
768,0,1/29/2024,08:51,18:11
769,1,1/29/2024,08:51,18:07
770,2,1/29/2024,08:59,18:07
771,3,1/29/2024,08:54,18:10
772,4,1/29/2024,08:54,18:12
773,5,1/29/2024,08:45,18:13
774,0,1/30/2024,08:49,18:08
775,1,1/30/2024,08:48,18:15
776,2,1/30/2024,08:55,18:12
777,3,1/30/2024,08:53,18:13
778,4,1/30/2024,08:48,18:12
779,5,1/30/2024,08:46,18:14
780,0,1/31/2024,08:56,18:11
781,1,1/31/2024,08:51,18:05
782,2,1/31/2024,08:57,18:05
783,3,1/31/2024,08:56,18:12
784,4,1/31/2024,08:50,18:10
785,5,1/31/2024,08:55,18:13
786,0,2/1/2024,08:49,18:08
787,1,2/1/2024,08:45,18:11
788,2,2/1/2024,08:57,18:12
789,3,2/1/2024,08:51,18:15
790,4,2/1/2024,08:57,18:10
791,5,2/1/2024,08:53,18:07
792,0,2/2/2024,08:56,18:10
793,1,2/2/2024,08:56,18:11
794,2,2/2/2024,08:56,18:15
795,3,2/2/2024,08:56,18:15
796,4,2/2/2024,08:49,18:12
797,5,2/2/2024,08:58,18:05
798,0,2/3/2024,08:53,18:09
799,1,2/3/2024,08:56,18:05
800,2,2/3/2024,08:45,18:14
801,3,2/3/2024,08:45,18:10
802,4,2/3/2024,08:57,18:13
803,5,2/3/2024,08:45,18:10
804,0,2/4/2024,08:47,18:10
805,1,2/4/2024,08:48,18:05
806,2,2/4/2024,08:45,18:10
807,3,2/4/2024,08:49,18:10
808,4,2/4/2024,08:45,18:12
809,5,2/4/2024,08:51,18:12
810,0,2/5/2024,08:56,18:10
811,1,2/5/2024,08:45,18:08
812,2,2/5/2024,08:54,18:15
813,3,2/5/2024,08:56,18:12
814,4,2/5/2024,08:59,18:09
815,5,2/5/2024,08:53,18:05
816,0,2/6/2024,08:52,18:09
817,1,2/6/2024,08:49,18:13
818,2,2/6/2024,08:49,18:08
819,3,2/6/2024,08:52,18:08
820,4,2/6/2024,08:56,18:08
821,5,2/6/2024,08:48,18:12
822,0,2/7/2024,08:49,18:12
823,1,2/7/2024,08:47,18:13
824,2,2/7/2024,08:53,18:15
825,3,2/7/2024,08:53,18:07
826,4,2/7/2024,08:50,18:07
827,5,2/7/2024,08:45,18:05
828,0,2/8/2024,08:49,18:15
829,1,2/8/2024,08:59,18:15
830,2,2/8/2024,08:52,18:13
831,3,2/8/2024,08:51,18:10
832,4,2/8/2024,08:47,18:09
833,5,2/8/2024,08:56,18:10
834,0,2/9/2024,08:55,18:09
835,1,2/9/2024,08:58,18:05
836,2,2/9/2024,08:59,18:13
837,3,2/9/2024,08:48,18:11
838,4,2/9/2024,08:53,18:11
839,5,2/9/2024,08:56,18:05
840,0,2/10/2024,08:45,18:14
841,1,2/10/2024,08:54,18:09
842,2,2/10/2024,08:56,18:15
843,3,2/10/2024,08:46,18:12
844,4,2/10/2024,08:58,18:11
845,5,2/10/2024,08:50,18:06
846,0,2/11/2024,08:50,18:15
847,1,2/11/2024,08:55,18:05
848,2,2/11/2024,08:54,18:11
849,3,2/11/2024,08:47,18:07
850,4,2/11/2024,08:46,18:12
851,5,2/11/2024,08:48,18:06
852,0,2/12/2024,08:49,18:07
853,1,2/12/2024,08:56,18:06
854,2,2/12/2024,08:46,18:11
855,3,2/12/2024,08:46,18:15
856,4,2/12/2024,08:51,18:08
857,5,2/12/2024,08:52,18:15
858,0,2/13/2024,08:54,18:07
859,1,2/13/2024,08:51,18:05
860,2,2/13/2024,08:51,18:10
861,3,2/13/2024,08:55,18:06
862,4,2/13/2024,08:55,18:12
863,5,2/13/2024,08:58,18:14
864,0,2/14/2024,08:48,18:07
865,1,2/14/2024,08:49,18:09
866,2,2/14/2024,08:52,18:09
867,3,2/14/2024,08:56,18:09
868,4,2/14/2024,08:46,18:08
869,5,2/14/2024,08:56,18:10
870,0,2/15/2024,08:50,18:10
871,1,2/15/2024,08:50,18:11
872,2,2/15/2024,08:59,18:12
873,3,2/15/2024,08:45,18:07
874,4,2/15/2024,08:57,18:15
875,5,2/15/2024,08:53,18:07
876,0,2/16/2024,08:52,18:11
877,1,2/16/2024,08:55,18:11
878,2,2/16/2024,08:50,18:06
879,3,2/16/2024,08:59,18:08
880,4,2/16/2024,08:46,18:05
881,5,2/16/2024,08:57,18:15
882,0,2/17/2024,08:53,18:15
883,1,2/17/2024,08:50,18:06
884,2,2/17/2024,08:45,18:13
885,3,2/17/2024,08:47,18:13
886,4,2/17/2024,08:54,18:12
887,5,2/17/2024,08:54,18:12
888,0,2/18/2024,08:56,18:12
889,1,2/18/2024,08:46,18:13
890,2,2/18/2024,08:51,18:09
891,3,2/18/2024,08:58,18:09
892,4,2/18/2024,08:52,18:05
893,5,2/18/2024,08:59,18:08
894,0,2/19/2024,08:57,18:12
895,1,2/19/2024,08:52,18:06
896,2,2/19/2024,08:57,18:12
897,3,2/19/2024,08:54,18:07
898,4,2/19/2024,08:47,18:05
899,5,2/19/2024,08:49,18:09
900,0,2/20/2024,08:56,18:15
901,1,2/20/2024,08:53,18:07
902,2,2/20/2024,08:50,18:06
903,3,2/20/2024,08:59,18:14
904,4,2/20/2024,08:55,18:12
905,5,2/20/2024,08:50,18:06
906,0,2/21/2024,08:53,18:15
907,1,2/21/2024,08:45,18:08
908,2,2/21/2024,08:54,18:10
909,3,2/21/2024,08:57,18:14
910,4,2/21/2024,08:55,18:13
911,5,2/21/2024,08:48,18:12
912,0,2/22/2024,08:45,18:15
913,1,2/22/2024,08:51,18:11
914,2,2/22/2024,08:54,18:06
915,3,2/22/2024,08:47,18:14
916,4,2/22/2024,08:54,18:07
917,5,2/22/2024,08:48,18:13
918,0,2/23/2024,08:45,18:13
919,1,2/23/2024,08:47,18:08
920,2,2/23/2024,08:55,18:06
921,3,2/23/2024,08:55,18:10
922,4,2/23/2024,08:50,18:07
923,5,2/23/2024,08:46,18:13
924,0,2/24/2024,08:50,18:13
925,1,2/24/2024,08:56,18:10
926,2,2/24/2024,08:46,18:12
927,3,2/24/2024,08:48,18:06
928,4,2/24/2024,08:53,18:05
929,5,2/24/2024,08:53,18:08
930,0,2/25/2024,08:45,18:07
931,1,2/25/2024,08:47,18:10
932,2,2/25/2024,08:59,18:08
933,3,2/25/2024,08:46,18:15
934,4,2/25/2024,08:52,18:08
935,5,2/25/2024,08:55,18:09
936,0,2/26/2024,08:52,18:08
937,1,2/26/2024,08:47,18:07
938,2,2/26/2024,08:57,18:06
939,3,2/26/2024,08:46,18:05
940,4,2/26/2024,08:57,18:08
941,5,2/26/2024,08:53,18:14
942,0,2/27/2024,08:49,18:07
943,1,2/27/2024,08:51,18:14
944,2,2/27/2024,08:57,18:09
945,3,2/27/2024,08:53,18:13
946,4,2/27/2024,08:57,18:10
947,5,2/27/2024,08:58,18:08
948,0,2/28/2024,08:53,18:12
949,1,2/28/2024,08:59,18:07
950,2,2/28/2024,08:58,18:12
951,3,2/28/2024,08:45,18:06
952,4,2/28/2024,08:59,18:13
953,5,2/28/2024,08:48,18:06
954,0,2/29/2024,08:47,18:15
955,1,2/29/2024,08:45,18:14
956,2,2/29/2024,08:56,18:06
957,3,2/29/2024,08:49,18:08
958,4,2/29/2024,08:53,18:11
959,5,2/29/2024,08:45,18:11
960,0,3/1/2024,08:57,18:05
961,1,3/1/2024,08:54,18:11
962,2,3/1/2024,08:45,18:12
963,3,3/1/2024,08:53,18:09
964,4,3/1/2024,08:51,18:12
965,5,3/1/2024,08:56,18:15
966,0,3/2/2024,08:59,18:07
967,1,3/2/2024,08:45,18:14
968,2,3/2/2024,08:48,18:12
969,3,3/2/2024,08:54,18:11
970,4,3/2/2024,08:58,18:15
971,5,3/2/2024,08:59,18:12
972,0,3/3/2024,08:50,18:09
973,1,3/3/2024,08:59,18:09
974,2,3/3/2024,08:48,18:15
975,3,3/3/2024,08:48,18:13
976,4,3/3/2024,08:56,18:09
977,5,3/3/2024,08:59,18:06
978,0,3/4/2024,08:49,18:08
979,1,3/4/2024,08:56,18:14
980,2,3/4/2024,08:55,18:09
981,3,3/4/2024,08:51,18:06
982,4,3/4/2024,08:52,18:15
983,5,3/4/2024,08:47,18:12
984,0,3/5/2024,08:48,18:14
985,1,3/5/2024,08:52,18:10
986,2,3/5/2024,08:54,18:15
987,3,3/5/2024,08:59,18:12
988,4,3/5/2024,08:52,18:14
989,5,3/5/2024,08:59,18:13
990,0,3/6/2024,08:58,18:15
991,1,3/6/2024,08:52,18:09
992,2,3/6/2024,08:46,18:06
993,3,3/6/2024,08:56,18:14
994,4,3/6/2024,08:57,18:10
995,5,3/6/2024,08:59,18:05
996,0,3/7/2024,08:50,18:13
997,1,3/7/2024,08:48,18:13
998,2,3/7/2024,08:52,18:15
999,3,3/7/2024,08:50,18:05
1000,4,3/7/2024,08:59,18:07
1001,5,3/7/2024,08:48,18:14
1002,0,3/8/2024,08:59,18:13
1003,1,3/8/2024,08:51,18:06
1004,2,3/8/2024,08:59,18:12
1005,3,3/8/2024,08:47,18:10
1006,4,3/8/2024,08:53,18:11
1007,5,3/8/2024,08:55,18:15
1008,0,3/9/2024,08:55,18:08
1009,1,3/9/2024,08:54,18:14
1010,2,3/9/2024,08:46,18:11
1011,3,3/9/2024,08:59,18:13
1012,4,3/9/2024,08:49,18:08
1013,5,3/9/2024,08:55,18:05
1014,0,3/10/2024,08:47,18:12
1015,1,3/10/2024,08:54,18:14
1016,2,3/10/2024,08:58,18:06
1017,3,3/10/2024,08:50,18:06
1018,4,3/10/2024,08:51,18:10
1019,5,3/10/2024,08:50,18:10
1020,0,3/11/2024,08:50,18:06
1021,1,3/11/2024,08:56,18:10
1022,2,3/11/2024,08:58,18:09
1023,3,3/11/2024,08:47,18:11
1024,4,3/11/2024,08:50,18:14
1025,5,3/11/2024,08:45,18:12
1026,0,3/12/2024,08:45,18:12
1027,1,3/12/2024,08:53,18:15
1028,2,3/12/2024,08:56,18:15
1029,3,3/12/2024,08:53,18:13
1030,4,3/12/2024,08:59,18:07
1031,5,3/12/2024,08:56,18:15
1032,0,3/13/2024,08:56,18:10
1033,1,3/13/2024,08:47,18:06
1034,2,3/13/2024,08:57,18:12
1035,3,3/13/2024,08:56,18:13
1036,4,3/13/2024,08:54,18:12
1037,5,3/13/2024,08:46,18:12
1038,0,3/14/2024,08:45,18:05
1039,1,3/14/2024,08:58,18:07
1040,2,3/14/2024,08:47,18:07
1041,3,3/14/2024,08:51,18:11
1042,4,3/14/2024,08:58,18:11
1043,5,3/14/2024,08:50,18:11
1044,0,3/15/2024,08:50,18:10
1045,1,3/15/2024,08:48,18:08
1046,2,3/15/2024,08:47,18:05
1047,3,3/15/2024,08:53,18:07
1048,4,3/15/2024,08:59,18:05
1049,5,3/15/2024,08:58,18:06
1050,0,3/16/2024,08:58,18:05
1051,1,3/16/2024,08:59,18:13
1052,2,3/16/2024,08:48,18:06
1053,3,3/16/2024,08:57,18:05
1054,4,3/16/2024,08:51,18:05
1055,5,3/16/2024,08:46,18:06
1056,0,3/17/2024,08:58,18:11
1057,1,3/17/2024,08:54,18:13
1058,2,3/17/2024,08:59,18:13
1059,3,3/17/2024,08:56,18:05
1060,4,3/17/2024,08:51,18:07
1061,5,3/17/2024,08:52,18:14
1062,0,3/18/2024,08:57,18:09
1063,1,3/18/2024,08:59,18:13
1064,2,3/18/2024,08:53,18:07
1065,3,3/18/2024,08:45,18:05
1066,4,3/18/2024,08:56,18:06
1067,5,3/18/2024,08:54,18:08
1068,0,3/19/2024,08:46,18:14
1069,1,3/19/2024,08:47,18:09
1070,2,3/19/2024,08:51,18:11
1071,3,3/19/2024,08:50,18:11
1072,4,3/19/2024,08:55,18:14
1073,5,3/19/2024,08:53,18:07
1074,0,3/20/2024,08:52,18:07
1075,1,3/20/2024,08:48,18:07
1076,2,3/20/2024,08:59,18:09
1077,3,3/20/2024,08:51,18:10
1078,4,3/20/2024,08:52,18:11
1079,5,3/20/2024,08:45,18:07
1080,0,3/21/2024,08:59,18:15
1081,1,3/21/2024,08:45,18:11
1082,2,3/21/2024,08:47,18:08
1083,3,3/21/2024,08:57,18:13
1084,4,3/21/2024,08:50,18:05
1085,5,3/21/2024,08:53,18:07
1086,0,3/22/2024,08:59,18:12
1087,1,3/22/2024,08:59,18:08
1088,2,3/22/2024,08:46,18:09
1089,3,3/22/2024,08:49,18:12
1090,4,3/22/2024,08:54,18:11
1091,5,3/22/2024,08:50,18:13
1092,0,3/23/2024,08:58,18:08
1093,1,3/23/2024,08:45,18:13
1094,2,3/23/2024,08:58,18:14
1095,3,3/23/2024,08:53,18:12
1096,4,3/23/2024,08:55,18:07
1097,5,3/23/2024,08:48,18:11
1098,0,3/24/2024,08:58,18:14
1099,1,3/24/2024,08:46,18:09
1100,2,3/24/2024,08:56,18:12
1101,3,3/24/2024,08:50,18:05
1102,4,3/24/2024,08:54,18:12
1103,5,3/24/2024,08:51,18:10
1104,0,3/25/2024,08:55,18:12
1105,1,3/25/2024,08:53,18:08
1106,2,3/25/2024,08:45,18:05
1107,3,3/25/2024,08:58,18:12
1108,4,3/25/2024,08:45,18:14
1109,5,3/25/2024,08:52,18:15
1110,0,3/26/2024,08:46,18:06
1111,1,3/26/2024,08:58,18:11
1112,2,3/26/2024,08:55,18:14
1113,3,3/26/2024,08:57,18:07
1114,4,3/26/2024,08:52,18:06
1115,5,3/26/2024,08:52,18:12
1116,0,3/27/2024,08:54,18:13
1117,1,3/27/2024,08:48,18:05
1118,2,3/27/2024,08:57,18:07
1119,3,3/27/2024,08:47,18:15
1120,4,3/27/2024,08:54,18:11
1121,5,3/27/2024,08:54,18:13
1122,0,3/28/2024,08:56,18:15
1123,1,3/28/2024,08:46,18:13
1124,2,3/28/2024,08:45,18:06
1125,3,3/28/2024,08:56,18:13
1126,4,3/28/2024,08:57,18:12
1127,5,3/28/2024,08:56,18:12
1128,0,3/29/2024,08:45,18:08
1129,1,3/29/2024,08:59,18:08
1130,2,3/29/2024,08:55,18:14
1131,3,3/29/2024,08:47,18:11
1132,4,3/29/2024,08:56,18:12
1133,5,3/29/2024,08:46,18:06
1134,0,3/30/2024,08:52,18:14
1135,1,3/30/2024,08:54,18:05
1136,2,3/30/2024,08:54,18:08
1137,3,3/30/2024,08:50,18:10
1138,4,3/30/2024,08:47,18:13
1139,5,3/30/2024,08:53,18:11
1140,0,3/31/2024,08:50,18:15
1141,1,3/31/2024,08:46,18:05
1142,2,3/31/2024,08:47,18:09
1143,3,3/31/2024,08:58,18:14
1144,4,3/31/2024,08:51,18:11
1145,5,3/31/2024,08:58,18:15
1146,0,4/1/2024,08:58,18:05
1147,1,4/1/2024,08:53,18:11
1148,2,4/1/2024,08:59,18:09
1149,3,4/1/2024,08:58,18:06
1150,4,4/1/2024,08:45,18:13
1151,5,4/1/2024,08:49,18:09
1152,0,4/2/2024,08:46,18:10
1153,1,4/2/2024,08:59,18:05
1154,2,4/2/2024,08:48,18:13
1155,3,4/2/2024,08:53,18:15
1156,4,4/2/2024,08:49,18:06
1157,5,4/2/2024,08:54,18:05
1158,0,4/3/2024,08:51,18:06
1159,1,4/3/2024,08:55,18:08
1160,2,4/3/2024,08:46,18:13
1161,3,4/3/2024,08:47,18:13
1162,4,4/3/2024,08:50,18:10
1163,5,4/3/2024,08:52,18:13
1164,0,4/4/2024,08:58,18:13
1165,1,4/4/2024,08:49,18:08
1166,2,4/4/2024,08:55,18:11
1167,3,4/4/2024,08:59,18:05
1168,4,4/4/2024,08:57,18:12
1169,5,4/4/2024,08:56,18:09
1170,0,4/5/2024,08:55,18:06
1171,1,4/5/2024,08:46,18:15
1172,2,4/5/2024,08:56,18:14
1173,3,4/5/2024,08:51,18:13
1174,4,4/5/2024,08:47,18:06
1175,5,4/5/2024,08:46,18:15
1176,0,4/6/2024,08:49,18:06
1177,1,4/6/2024,08:50,18:09
1178,2,4/6/2024,08:55,18:09
1179,3,4/6/2024,08:54,18:05
1180,4,4/6/2024,08:53,18:12
1181,5,4/6/2024,08:56,18:05
1182,0,4/7/2024,08:47,18:12
1183,1,4/7/2024,08:58,18:09
1184,2,4/7/2024,08:54,18:14
1185,3,4/7/2024,08:51,18:14
1186,4,4/7/2024,08:56,18:14
1187,5,4/7/2024,08:49,18:15
1188,0,4/8/2024,08:46,18:06
1189,1,4/8/2024,08:53,18:12
1190,2,4/8/2024,08:56,18:12
1191,3,4/8/2024,08:58,18:05
1192,4,4/8/2024,08:56,18:12
1193,5,4/8/2024,08:46,18:07
1194,0,4/9/2024,08:49,18:07
1195,1,4/9/2024,08:47,18:11
1196,2,4/9/2024,08:50,18:07
1197,3,4/9/2024,08:54,18:08
1198,4,4/9/2024,08:56,18:15
1199,5,4/9/2024,08:45,18:11
1200,0,4/10/2024,08:47,18:08
1201,1,4/10/2024,08:58,18:08
1202,2,4/10/2024,08:48,18:15
1203,3,4/10/2024,08:48,18:13
1204,4,4/10/2024,08:56,18:06
1205,5,4/10/2024,08:59,18:13