transaction_id,menu_id,quantity,price
0,2,10,83.00
0,8,10,0.00
0,21,10,0.00
0,34,5,12.50
1,0,6,31.20
1,8,6,0.00
1,21,6,0.00
2,4,1,11.30
2,11,1,0.00
2,12,1,0.00
2,21,1,0.00
2,23,1,0.00
3,32,10,21.00
4,2,3,24.90
4,11,3,0.00
4,20,3,0.00
5,3,20,196.00
5,9,20,30.00
5,10,20,30.00
5,22,20,0.00
6,2,8,66.40
6,13,8,0.00
6,23,8,0.00
7,2,33,273.90
7,10,33,49.50
7,20,33,0.00
8,1,22,96.80
8,23,22,0.00
8,35,1,2.30
9,36,12,32.40
9,34,12,30.00
9,35,12,27.60
10,3,33,323.40
10,10,33,49.50
10,10,33,49.50
10,22,33,0.00
13,3,1,9.80
13,10,1,1.50
13,10,1,1.50
13,22,1,0.00
14,3,1,9.80
14,10,1,1.50
14,10,1,1.50
14,22,1,0.00
15,0,1,5.20
15,12,1,0.00
16,2,5,41.50
16,11,5,0.00
16,21,5,0.00
16,34,3,7.50
16,32,2,4.20
17,3,2,19.60
17,8,2,0.00
17,9,2,3.00
17,21,2,0.00
17,2,1,8.30
17,18,1,0.00
18,4,2,22.60
18,9,2,3.00
18,9,2,3.00
18,20,2,0.00
18,3,1,9.80
18,13,1,0.00
18,13,1,0.00
18,22,1,0.00
19,2,58,481.40
19,8,58,0.00
19,12,58,0.00
20,2,67,556.10
20,8,67,0.00
20,12,67,0.00
21,2,63,522.90
21,8,63,0.00
21,12,63,0.00
22,2,76,630.80
22,8,76,0.00
22,12,76,0.00
23,2,58,481.40
23,8,58,0.00
23,12,58,0.00
24,2,56,464.80
24,8,56,0.00
24,12,56,0.00
25,2,98,813.40
25,8,98,0.00
25,12,98,0.00
26,2,83,688.90
26,8,83,0.00
26,12,83,0.00
27,2,76,630.80
27,8,76,0.00
27,12,76,0.00
28,2,100,830.00
28,8,100,0.00
28,12,100,0.00
29,2,86,713.80
29,8,86,0.00
29,12,86,0.00
30,2,86,713.80
30,8,86,0.00
30,12,86,0.00
31,2,96,796.80
31,8,96,0.00
31,12,96,0.00
32,2,53,439.90
32,8,53,0.00
32,12,53,0.00
33,2,66,547.80
33,8,66,0.00
33,12,66,0.00
34,2,61,506.30
34,8,61,0.00
34,12,61,0.00
35,2,67,556.10
35,8,67,0.00
35,12,67,0.00
36,2,68,564.40
36,8,68,0.00
36,12,68,0.00
37,2,54,448.20
37,8,54,0.00
37,12,54,0.00
38,2,84,697.20
38,8,84,0.00
38,12,84,0.00
39,2,58,481.40
39,8,58,0.00
39,12,58,0.00
40,2,70,581.00
40,8,70,0.00
40,12,70,0.00
41,2,57,473.10
41,8,57,0.00
41,12,57,0.00
42,2,72,597.60
42,8,72,0.00
42,12,72,0.00
43,2,71,589.30
43,8,71,0.00
43,12,71,0.00
44,2,50,415.00
44,8,50,0.00
44,12,50,0.00
45,2,58,481.40
45,8,58,0.00
45,12,58,0.00
46,2,95,788.50
46,8,95,0.00
46,12,95,0.00
47,2,99,821.70
47,8,99,0.00
47,12,99,0.00
48,2,67,556.10
48,8,67,0.00
48,12,67,0.00
49,2,50,415.00
49,8,50,0.00
49,12,50,0.00
50,2,87,722.10
50,8,87,0.00
50,12,87,0.00
51,2,62,514.60
51,8,62,0.00
51,12,62,0.00
52,2,59,489.70
52,8,59,0.00
52,12,59,0.00
53,2,75,622.50
53,8,75,0.00
53,12,75,0.00
54,2,80,664.00
54,8,80,0.00
54,12,80,0.00
55,2,69,572.70
55,8,69,0.00
55,12,69,0.00
56,2,60,498.00
56,8,60,0.00
56,12,60,0.00
57,2,89,738.70
57,8,89,0.00
57,12,89,0.00
58,2,61,506.30
58,8,61,0.00
58,12,61,0.00
59,2,90,747.00
59,10,90,135.00
59,22,90,0.00
60,2,96,796.80
60,9,96,144.00
60,22,96,0.00
61,2,91,755.30
61,7,91,0.00
61,21,91,0.00
62,2,75,622.50
62,17,75,0.00
62,20,75,0.00
63,2,50,415.00
63,10,50,75.00
63,20,50,0.00
64,3,56,548.80
64,9,56,84.00
64,18,56,0.00
64,22,56,0.00
65,3,98,960.40
65,19,98,0.00
65,11,98,0.00
65,20,98,0.00
66,3,68,666.40
66,14,68,0.00
66,10,68,102.00
66,20,68,0.00
67,3,79,774.20
67,11,79,0.00
67,13,79,0.00
67,22,79,0.00
68,3,100,980.00
68,10,100,150.00
68,16,100,0.00
68,22,100,0.00
69,3,51,499.80
69,7,51,0.00
69,17,51,0.00
69,21,51,0.00
70,3,88,862.40
70,12,88,0.00
70,10,88,132.00
70,22,88,0.00
71,3,67,656.60
71,12,67,0.00
71,15,67,0.00
71,21,67,0.00
72,3,91,891.80
72,10,91,136.50
72,9,91,136.50
72,22,91,0.00
73,3,73,715.40
73,14,73,0.00
73,18,73,0.00
73,20,73,0.00
74,3,66,646.80
74,19,66,0.00
74,15,66,0.00
74,20,66,0.00
75,3,75,735.00
75,12,75,0.00
75,10,75,112.50
75,22,75,0.00
76,3,65,637.00
76,12,65,0.00
76,19,65,0.00
76,21,65,0.00
77,3,94,921.20
77,19,94,0.00
77,18,94,0.00
77,20,94,0.00
78,3,67,656.60
78,17,67,0.00
78,9,67,100.50
78,22,67,0.00
79,3,56,548.80
79,19,56,0.00
79,12,56,0.00
79,21,56,0.00
80,3,91,891.80
80,18,91,0.00
80,17,91,0.00
80,21,91,0.00
81,3,87,852.60
81,14,87,0.00
81,13,87,0.00
81,21,87,0.00
82,3,82,803.60
82,13,82,0.00
82,11,82,0.00
82,21,82,0.00
83,3,95,931.00
83,17,95,0.00
83,15,95,0.00
83,20,95,0.00
84,3,82,803.60
84,17,82,0.00
84,7,82,0.00
84,21,82,0.00
85,3,63,617.40
85,7,63,0.00
85,11,63,0.00
85,22,63,0.00
86,3,88,862.40
86,18,88,0.00
86,10,88,132.00
86,20,88,0.00
87,3,72,705.60
87,19,72,0.00
87,14,72,0.00
87,22,72,0.00
88,3,96,940.80
88,15,96,0.00
88,12,96,0.00
88,21,96,0.00
89,4,99,1118.70
89,17,99,0.00
89,15,99,0.00
89,16,99,0.00
90,22,99,0.00
90,4,69,779.70
90,12,69,0.00
90,9,69,103.50
91,19,69,0.00
91,4,68,768.40
91,12,68,0.00
91,19,68,0.00
92,17,68,0.00
92,22,68,0.00
92,4,99,1118.70
92,9,99,148.50
93,15,99,0.00
93,5,96,633.60
93,16,96,0.00
93,13,96,0.00
94,4,96,1084.80
94,22,96,0.00
94,5,52,343.20
94,9,52,78.00
95,4,52,587.60
95,9,52,78.00
95,6,92,699.20
95,12,92,0.00
96,4,92,1039.60
96,14,92,0.00
96,21,92,0.00
96,6,67,509.20
97,4,67,757.10
97,11,67,0.00
97,6,60,456.00
97,9,60,90.00
98,4,60,678.00
98,8,60,0.00
98,22,60,0.00
98,6,69,524.40
99,4,69,779.70
99,16,69,0.00
99,18,69,0.00
99,7,89,0.00
100,4,89,1005.70
100,15,89,0.00
100,17,89,0.00
100,20,89,0.00
101,4,55,621.50
101,18,55,0.00
101,17,55,0.00
101,7,61,0.00
102,4,61,689.30
102,14,61,0.00
102,16,61,0.00
102,21,61,0.00
103,4,65,734.50
103,13,65,0.00
103,19,65,0.00
103,16,65,0.00
104,4,75,847.50
104,10,75,112.50
104,12,75,0.00
104,14,75,0.00
105,4,75,847.50
105,8,88,0.00
105,9,88,132.00
105,19,88,0.00
106,4,67,757.10
106,8,67,0.00
106,10,67,100.50
106,16,67,0.00
107,4,67,757.10
107,8,66,0.00
107,12,66,0.00
107,16,66,0.00
108,4,66,745.80
108,9,62,93.00
108,9,62,93.00
108,10,62,93.00
109,4,62,700.60
109,20,62,0.00
109,9,69,103.50
109,16,69,0.00
110,4,69,779.70
110,9,99,148.50
110,13,99,0.00
110,17,99,0.00
111,4,99,1118.70
111,21,99,0.00
111,9,89,133.50
111,7,89,0.00
112,4,89,1005.70
112,13,89,0.00
112,10,63,94.50
112,7,63,0.00
113,4,63,711.90
113,13,63,0.00
113,22,63,0.00
113,10,59,88.50
114,4,59,666.70
114,7,59,0.00
114,10,61,91.50
114,14,61,0.00
115,4,61,689.30
115,14,61,0.00
115,20,61,0.00
115,10,52,78.00
116,4,52,587.60
116,7,52,0.00
116,12,52,0.00
116,11,97,0.00
117,4,97,1096.10
117,8,97,0.00
117,16,97,0.00
117,20,97,0.00
118,4,61,689.30
118,14,61,0.00
118,13,61,0.00
118,11,60,0.00
119,4,60,678.00
119,9,60,90.00
119,18,60,0.00
119,22,60,0.00
120,4,59,666.70
120,14,59,0.00
120,16,59,0.00
120,13,59,0.00
121,4,61,689.30
121,12,61,0.00
121,13,61,0.00
121,8,61,0.00
122,4,61,689.30
122,12,72,0.00
122,18,72,0.00
122,15,72,0.00
123,4,77,870.10
123,15,77,0.00
123,7,77,0.00
123,12,77,0.00
124,3,97,950.60
124,11,97,0.00
124,8,97,0.00
124,20,97,0.00
125,3,78,764.40
125,12,78,0.00
125,15,78,0.00
125,21,78,0.00
126,3,56,548.80
126,17,56,0.00
126,15,56,0.00
126,21,56,0.00
127,3,60,588.00
127,19,60,0.00
127,18,60,0.00
127,20,60,0.00
128,3,84,823.20
128,11,84,0.00
128,16,84,0.00
128,21,84,0.00
129,3,97,950.60
129,16,97,0.00
129,17,97,0.00
129,20,97,0.00
130,3,78,764.40
130,10,78,117.00
130,14,78,0.00
130,21,78,0.00
131,3,96,940.80
131,10,96,144.00
131,11,96,0.00
131,20,96,0.00
132,3,53,519.40
132,18,53,0.00
132,9,53,79.50
132,20,53,0.00
133,3,80,784.00
133,17,80,0.00
133,17,80,0.00
133,22,80,0.00
134,3,79,774.20
134,9,79,118.50
134,18,79,0.00
134,21,79,0.00
135,3,98,960.40
135,14,98,0.00
135,13,98,0.00
135,20,98,0.00
136,3,98,960.40
136,10,98,147.00
136,12,98,0.00
136,20,98,0.00
137,3,56,548.80
137,10,56,84.00
137,19,56,0.00
137,20,56,0.00
138,3,77,754.60
138,19,77,0.00
138,15,77,0.00
138,22,77,0.00
139,3,78,764.40
139,8,78,0.00
139,8,78,0.00
139,20,78,0.00
140,3,54,529.20
140,10,54,81.00
140,14,54,0.00
140,20,54,0.00
141,3,78,764.40
141,13,78,0.00
141,8,78,0.00
141,22,78,0.00
142,3,89,872.20
142,11,89,0.00
142,14,89,0.00
142,21,89,0.00
143,4,80,904.00
143,13,80,0.00
143,11,80,0.00
143,12,80,0.00
144,21,80,0.00
144,4,81,915.30
144,11,81,0.00
144,12,81,0.00
145,10,81,121.50
145,4,95,1073.50
145,19,95,0.00
145,12,95,0.00
146,17,95,0.00
146,22,95,0.00
146,4,58,655.40
146,13,58,0.00
147,8,58,0.00
147,5,76,501.60
147,19,76,0.00
147,14,76,0.00
148,4,76,858.80
148,21,76,0.00
148,5,69,455.40
148,7,69,0.00
149,4,69,779.70
149,7,69,0.00
149,6,84,638.40
149,7,84,0.00
150,4,84,949.20
150,19,84,0.00
150,22,84,0.00
150,6,68,516.80
151,4,68,768.40
151,12,68,0.00
151,6,52,395.20
151,13,52,0.00
152,4,52,587.60
152,11,52,0.00
152,20,52,0.00
152,6,85,646.00
153,4,85,960.50
153,19,85,0.00
153,10,85,127.50
153,7,63,0.00
154,4,63,711.90
154,7,63,0.00
154,9,63,94.50
154,21,63,0.00
155,4,88,994.40
155,8,88,0.00
155,16,88,0.00
155,7,92,0.00
156,4,92,1039.60
156,10,92,138.00
156,8,92,0.00
156,22,92,0.00
157,4,54,610.20
157,13,54,0.00
157,14,54,0.00
157,8,54,0.00
158,4,55,621.50
158,14,55,0.00
158,18,55,0.00
158,15,55,0.00
159,4,55,621.50
159,8,94,0.00
159,10,94,141.00
159,8,94,0.00
160,4,66,745.80
160,19,66,0.00
160,18,66,0.00
160,19,66,0.00
161,4,66,745.80
161,8,94,0.00
161,7,94,0.00
161,14,94,0.00
162,4,94,1062.20
162,9,89,133.50
162,17,89,0.00
162,12,89,0.00
163,4,89,1005.70
163,21,89,0.00
163,9,56,84.00
163,11,56,0.00
164,4,56,632.80
164,9,85,127.50
164,11,85,0.00
164,7,85,0.00
165,4,85,960.50
165,22,85,0.00
165,9,80,120.00
165,12,80,0.00
166,4,80,904.00
166,17,80,0.00
166,10,68,102.00
166,15,68,0.00
167,4,68,768.40
167,10,68,102.00
167,20,68,0.00
167,10,88,132.00
168,4,88,994.40
168,8,88,0.00
168,10,81,121.50
168,8,81,0.00
169,4,81,915.30
169,13,81,0.00
169,21,81,0.00
169,10,96,144.00
170,4,96,1084.80
170,17,96,0.00
170,18,96,0.00
170,11,88,0.00
171,4,88,994.40
171,19,88,0.00
171,16,88,0.00
171,22,88,0.00
172,4,61,689.30
172,16,61,0.00
172,16,61,0.00
172,11,70,0.00
173,4,70,791.00
173,17,70,0.00
173,13,70,0.00
173,22,70,0.00
174,4,97,1096.10
174,16,97,0.00
174,10,97,145.50
174,16,97,0.00
175,4,73,824.90
175,19,73,0.00
175,9,73,109.50
175,15,73,0.00
176,4,73,824.90
176,12,92,0.00
176,14,92,0.00
176,19,92,0.00
177,4,59,666.70
177,8,59,0.00
177,17,59,0.00
177,14,59,0.00
178,3,70,686.00
178,14,70,0.00
178,10,70,105.00
178,21,70,0.00
179,3,50,490.00
179,12,50,0.00
179,10,50,75.00
179,20,50,0.00
180,3,54,529.20
180,7,54,0.00
180,7,54,0.00
180,22,54,0.00
181,3,57,558.60
181,9,57,85.50
181,15,57,0.00
181,21,57,0.00
182,3,63,617.40
182,8,63,0.00
182,17,63,0.00
182,22,63,0.00
183,3,68,666.40
183,9,68,102.00
183,19,68,0.00
183,21,68,0.00
184,3,94,921.20
184,13,94,0.00
184,15,94,0.00
184,20,94,0.00
185,3,54,529.20
185,19,54,0.00
185,13,54,0.00
185,22,54,0.00
186,3,83,813.40
186,17,83,0.00
186,15,83,0.00
186,22,83,0.00
187,3,67,656.60
187,11,67,0.00
187,8,67,0.00
187,20,67,0.00
188,3,100,980.00
188,7,100,0.00
188,15,100,0.00
188,21,100,0.00
189,3,79,774.20
189,11,79,0.00
189,15,79,0.00
189,20,79,0.00
190,3,91,891.80
190,19,91,0.00
190,12,91,0.00
190,21,91,0.00
191,3,70,686.00
191,11,70,0.00
191,16,70,0.00
191,20,70,0.00
192,3,70,686.00
192,14,70,0.00
192,8,70,0.00
192,20,70,0.00
193,3,52,509.60
193,17,52,0.00
193,7,52,0.00
193,20,52,0.00
194,3,69,676.20
194,8,69,0.00
194,11,69,0.00
194,21,69,0.00
195,3,58,568.40
195,12,58,0.00
195,16,58,0.00
195,20,58,0.00
196,3,66,646.80
196,13,66,0.00
196,8,66,0.00
196,22,66,0.00
197,4,71,802.30
197,10,71,106.50
197,7,71,0.00
197,9,71,106.50
198,21,71,0.00
198,4,80,904.00
198,15,80,0.00
198,8,80,0.00
199,11,80,0.00
199,4,81,915.30
199,7,81,0.00
199,16,81,0.00
200,14,81,0.00
200,20,81,0.00
200,4,55,621.50
200,13,55,0.00
201,16,55,0.00
201,5,71,468.60
201,14,71,0.00
201,11,71,0.00
202,4,71,802.30
202,21,71,0.00
202,5,87,574.20
202,11,87,0.00
203,4,87,983.10
203,11,87,0.00
203,6,91,691.60
203,14,91,0.00
204,4,91,1028.30
204,12,91,0.00
204,22,91,0.00
204,6,54,410.40
205,4,54,610.20
205,9,54,81.00
205,6,70,532.00
205,8,70,0.00
206,4,70,791.00
206,9,70,105.00
206,22,70,0.00
206,6,87,661.20
207,4,87,983.10
207,11,87,0.00
207,14,87,0.00
207,7,86,0.00
208,4,86,971.80
208,18,86,0.00
208,18,86,0.00
208,20,86,0.00
209,4,62,700.60
209,19,62,0.00
209,11,62,0.00
209,7,66,0.00
210,4,66,745.80
210,9,66,99.00
210,16,66,0.00
210,22,66,0.00
211,4,71,802.30
211,18,71,0.00
211,17,71,0.00
211,8,71,0.00
212,4,85,960.50
212,17,85,0.00
212,19,85,0.00
212,18,85,0.00
213,4,85,960.50
213,8,65,0.00
213,11,65,0.00
213,15,65,0.00
214,4,76,858.80
214,16,76,0.00
214,15,76,0.00
214,11,76,0.00
215,4,76,858.80
215,8,72,0.00
215,10,72,108.00
215,19,72,0.00
216,4,72,813.60
216,9,82,123.00
216,7,82,0.00
216,11,82,0.00
217,4,82,926.60
217,20,82,0.00
217,9,60,90.00
217,13,60,0.00
218,4,60,678.00
218,9,66,99.00
218,7,66,0.00
218,8,66,0.00
219,4,66,745.80
219,22,66,0.00
219,9,69,103.50
219,12,69,0.00
220,4,69,779.70
220,9,69,103.50
220,10,65,97.50
220,8,65,0.00
221,4,65,734.50
221,18,65,0.00
221,20,65,0.00
221,10,89,133.50
222,4,89,1005.70
222,10,89,133.50
222,10,71,106.50
222,11,71,0.00
223,4,71,802.30
223,11,71,0.00
223,20,71,0.00
223,10,98,147.00
224,4,98,1107.40
224,15,98,0.00
224,11,98,0.00
224,11,51,0.00
225,4,51,576.30
225,16,51,0.00
225,14,51,0.00
225,21,51,0.00
226,4,95,1073.50
226,7,95,0.00
226,18,95,0.00
226,11,60,0.00
227,4,60,678.00
227,14,60,0.00
227,17,60,0.00
227,20,60,0.00
228,4,50,565.00
228,15,50,0.00
228,14,50,0.00
228,12,50,0.00
229,4,73,824.90
229,12,73,0.00
229,11,73,0.00
229,16,73,0.00
230,4,73,824.90
230,12,97,0.00
230,12,97,0.00
230,14,97,0.00
231,4,65,734.50
231,7,65,0.00
231,8,65,0.00
231,14,65,0.00
232,3,85,833.00
232,9,85,127.50
232,9,85,127.50
232,21,85,0.00
233,3,63,617.40
233,15,63,0.00
233,18,63,0.00
233,21,63,0.00
234,3,79,774.20
234,10,79,118.50
234,10,79,118.50
234,20,79,0.00
235,3,97,950.60
235,11,97,0.00
235,9,97,145.50
235,21,97,0.00
236,3,95,931.00
236,14,95,0.00
236,13,95,0.00
236,20,95,0.00
237,3,81,793.80
237,13,81,0.00
237,15,81,0.00
237,22,81,0.00
238,3,74,725.20
238,7,74,0.00
238,17,74,0.00
238,20,74,0.00
239,3,73,715.40
239,9,73,109.50
239,11,73,0.00
239,22,73,0.00
240,3,93,911.40
240,13,93,0.00
240,10,93,139.50
240,22,93,0.00
241,3,85,833.00
241,18,85,0.00
241,12,85,0.00
241,22,85,0.00
242,3,87,852.60
242,10,87,130.50
242,9,87,130.50
242,21,87,0.00
243,3,64,627.20
243,7,64,0.00
243,12,64,0.00
243,22,64,0.00
244,3,85,833.00
244,17,85,0.00
244,12,85,0.00
244,22,85,0.00
245,3,96,940.80
245,19,96,0.00
245,8,96,0.00
245,21,96,0.00
246,3,73,715.40
246,17,73,0.00
246,12,73,0.00
246,20,73,0.00
247,3,90,882.00
247,8,90,0.00
247,14,90,0.00
247,22,90,0.00
248,3,95,931.00
248,10,95,142.50
248,8,95,0.00
248,20,95,0.00
249,3,60,588.00
249,11,60,0.00
249,9,60,90.00
249,22,60,0.00
250,3,70,686.00
250,17,70,0.00
250,16,70,0.00
250,21,70,0.00
251,4,79,892.70
251,19,79,0.00
251,15,79,0.00
251,18,79,0.00
252,21,79,0.00
252,4,80,904.00
252,15,80,0.00
252,16,80,0.00
253,11,80,0.00
253,4,73,824.90
253,19,73,0.00
253,14,73,0.00
254,15,73,0.00
254,20,73,0.00
254,4,89,1005.70
254,9,89,133.50
255,12,89,0.00
255,5,80,528.00
255,8,80,0.00
255,11,80,0.00
256,4,80,904.00
256,21,80,0.00
256,5,82,541.20
256,10,82,123.00
257,4,82,926.60
257,8,82,0.00
257,6,68,516.80
257,8,68,0.00
258,4,68,768.40
258,7,68,0.00
258,22,68,0.00
258,6,84,638.40
259,4,84,949.20
259,16,84,0.00
259,6,87,661.20
259,7,87,0.00
260,4,87,983.10
260,8,87,0.00
260,21,87,0.00
260,6,67,509.20
261,4,67,757.10
261,13,67,0.00
261,14,67,0.00
261,7,99,0.00
262,4,99,1118.70
262,17,99,0.00
262,10,99,148.50
262,22,99,0.00
263,4,54,610.20
263,12,54,0.00
263,18,54,0.00
263,7,71,0.00
264,4,71,802.30
264,16,71,0.00
264,7,71,0.00
264,21,71,0.00
265,4,66,745.80
265,7,66,0.00
265,9,66,99.00
265,9,66,99.00
266,4,91,1028.30
266,19,91,0.00
266,14,91,0.00
266,12,91,0.00
267,4,91,1028.30
267,8,52,0.00
267,13,52,0.00
267,16,52,0.00
268,4,97,1096.10
268,17,97,0.00
268,13,97,0.00
268,19,97,0.00
269,4,97,1096.10
269,8,96,0.00
269,7,96,0.00
269,14,96,0.00
270,4,96,1084.80
270,9,77,115.50
270,15,77,0.00
270,12,77,0.00
271,4,77,870.10
271,20,77,0.00
271,9,53,79.50
271,8,53,0.00
272,4,53,598.90
272,9,55,82.50
272,8,55,0.00
272,8,55,0.00
273,4,55,621.50
273,22,55,0.00
273,9,61,91.50
273,11,61,0.00
274,4,61,689.30
274,14,61,0.00
274,10,73,109.50
274,17,73,0.00
275,4,73,824.90
275,8,73,0.00
275,22,73,0.00
275,10,84,126.00
276,4,84,949.20
276,13,84,0.00
276,10,88,132.00
276,19,88,0.00
277,4,88,994.40
277,17,88,0.00
277,20,88,0.00
277,10,63,94.50
278,4,63,711.90
278,19,63,0.00
278,16,63,0.00
278,11,76,0.00
279,4,76,858.80
279,16,76,0.00
279,16,76,0.00
279,21,76,0.00
280,4,50,565.00
280,7,50,0.00
280,10,50,75.00
280,11,99,0.00
281,4,99,1118.70
281,7,99,0.00
281,19,99,0.00
281,20,99,0.00
282,4,62,700.60
282,16,62,0.00
282,17,62,0.00
282,8,62,0.00
283,4,89,1005.70
283,11,89,0.00
283,19,89,0.00
283,19,89,0.00
284,4,89,1005.70
284,12,56,0.00
284,11,56,0.00
284,10,56,84.00
285,4,57,644.10
285,8,57,0.00
285,8,57,0.00
285,11,57,0.00
286,3,93,911.40
286,14,93,0.00
286,13,93,0.00
286,22,93,0.00
287,3,81,793.80
287,13,81,0.00
287,19,81,0.00
287,20,81,0.00
288,3,73,715.40
288,19,73,0.00
288,8,73,0.00
288,21,73,0.00
289,3,90,882.00
289,15,90,0.00
289,14,90,0.00
289,22,90,0.00
290,3,58,568.40
290,16,58,0.00
290,19,58,0.00
290,22,58,0.00
291,3,64,627.20
291,10,64,96.00
291,16,64,0.00
291,21,64,0.00
292,3,89,872.20
292,19,89,0.00
292,18,89,0.00
292,22,89,0.00
293,3,98,960.40
293,8,98,0.00
293,11,98,0.00
293,22,98,0.00
294,3,76,744.80
294,19,76,0.00
294,16,76,0.00
294,21,76,0.00
295,3,83,813.40
295,8,83,0.00
295,17,83,0.00
295,22,83,0.00
296,3,71,695.80
296,9,71,106.50
296,19,71,0.00
296,20,71,0.00
297,3,76,744.80
297,11,76,0.00
297,8,76,0.00
297,21,76,0.00
298,3,86,842.80
298,11,86,0.00
298,18,86,0.00
298,22,86,0.00
299,3,99,970.20
299,10,99,148.50
299,19,99,0.00
299,22,99,0.00
300,3,52,509.60
300,9,52,78.00
300,7,52,0.00
300,22,52,0.00
301,3,82,803.60
301,17,82,0.00
301,15,82,0.00
301,22,82,0.00
302,3,70,686.00
302,10,70,105.00
302,17,70,0.00
302,22,70,0.00
303,3,76,744.80
303,16,76,0.00
303,8,76,0.00
303,20,76,0.00
304,3,59,578.20
304,18,59,0.00
304,15,59,0.00
304,20,59,0.00
305,4,53,598.90
305,19,53,0.00
305,8,53,0.00
305,16,53,0.00
306,22,53,0.00
306,4,86,971.80
306,10,86,129.00
306,19,86,0.00
307,11,86,0.00
307,4,57,644.10
307,18,57,0.00
307,19,57,0.00
308,13,57,0.00
308,21,57,0.00
308,4,66,745.80
308,9,66,99.00
309,12,66,0.00
309,5,84,554.40
309,17,84,0.00
309,7,84,0.00
310,4,84,949.20
310,22,84,0.00
310,5,87,574.20
310,12,87,0.00
311,4,87,983.10
311,19,87,0.00
311,6,77,585.20
311,10,77,115.50
312,4,77,870.10
312,13,77,0.00
312,21,77,0.00
312,6,93,706.80
313,4,93,1050.90
313,15,93,0.00
313,6,60,456.00
313,11,60,0.00
314,4,60,678.00
314,8,60,0.00
314,20,60,0.00
314,6,74,562.40
315,4,74,836.20
315,14,74,0.00
315,18,74,0.00
315,7,62,0.00
316,4,62,700.60
316,14,62,0.00
316,11,62,0.00
316,21,62,0.00
317,4,54,610.20
317,11,54,0.00
317,15,54,0.00
317,7,77,0.00
318,4,77,870.10
318,7,77,0.00
318,8,77,0.00
318,20,77,0.00
319,4,73,824.90
319,17,73,0.00
319,15,73,0.00
319,12,73,0.00
320,4,52,587.60
320,15,52,0.00
320,19,52,0.00
320,16,52,0.00
321,4,52,587.60
321,8,60,0.00
321,9,60,90.00
321,12,60,0.00
322,4,72,813.60
322,10,72,108.00
322,13,72,0.00
322,14,72,0.00
323,4,72,813.60
323,8,94,0.00
323,19,94,0.00
323,7,94,0.00
324,4,94,1062.20
324,9,55,82.50
324,11,55,0.00
324,15,55,0.00
325,4,55,621.50
325,20,55,0.00
325,9,76,114.00
325,7,76,0.00
326,4,76,858.80
326,9,63,94.50
326,15,63,0.00
326,17,63,0.00
327,4,63,711.90
327,20,63,0.00
327,9,73,109.50
327,19,73,0.00
328,4,73,824.90
328,18,73,0.00
328,10,99,148.50
328,17,99,0.00
329,4,99,1118.70
329,7,99,0.00
329,22,99,0.00
329,10,69,103.50
330,4,69,779.70
330,16,69,0.00
330,10,94,141.00
330,15,94,0.00
331,4,94,1062.20
331,17,94,0.00
331,21,94,0.00
331,10,67,100.50
332,4,67,757.10
332,7,67,0.00
332,19,67,0.00
332,11,70,0.00
333,4,70,791.00
333,10,70,105.00
333,19,70,0.00
333,20,70,0.00
334,4,94,1062.20
334,16,94,0.00
334,10,94,141.00
334,11,52,0.00
335,4,52,587.60
335,18,52,0.00
335,8,52,0.00
335,20,52,0.00
336,4,82,926.60
336,13,82,0.00
336,13,82,0.00
336,11,82,0.00
337,4,88,994.40
337,17,88,0.00
337,13,88,0.00
337,17,88,0.00
338,4,88,994.40
338,12,75,0.00
338,15,75,0.00
338,8,75,0.00
339,4,100,1130.00
339,10,100,150.00
339,17,100,0.00
339,14,100,0.00
340,2,86,713.80
340,18,86,0.00
340,16,86,0.00
341,2,82,680.60
341,13,82,0.00
341,7,82,0.00
341,2,54,448.20
342,12,54,0.00
342,19,54,0.00
342,2,76,630.80
343,9,76,114.00
343,17,76,0.00
343,2,98,813.40
343,7,98,0.00
344,10,98,147.00
344,2,83,688.90
344,9,83,124.50
345,17,83,0.00
345,2,66,547.80
345,7,66,0.00
345,10,66,99.00
346,2,75,622.50
346,8,75,0.00
346,11,75,0.00
346,2,93,771.90
347,18,93,0.00
347,11,93,0.00
347,2,54,448.20
348,12,54,0.00
348,10,54,81.00
348,2,82,680.60
348,9,82,123.00
349,13,82,0.00
349,2,71,589.30
349,9,71,106.50
350,13,71,0.00
350,2,78,647.40
350,16,78,0.00
350,11,78,0.00
351,2,92,763.60
351,10,92,138.00
351,19,92,0.00
351,2,73,605.90
352,9,73,109.50
352,17,73,0.00
352,2,100,830.00
353,14,100,0.00
353,9,100,150.00
353,2,73,605.90
353,16,73,0.00
354,8,73,0.00
354,2,97,805.10
354,12,97,0.00
355,11,97,0.00
355,2,75,622.50
355,8,75,0.00
355,19,75,0.00
356,2,93,771.90
356,9,93,139.50
356,8,93,0.00
356,2,64,531.20
357,17,64,0.00
357,9,64,96.00
357,2,54,448.20
358,17,54,0.00
358,12,54,0.00
358,2,89,738.70
358,16,89,0.00
359,18,89,0.00
359,2,82,680.60
359,14,82,0.00
360,16,82,0.00
360,2,66,547.80
360,15,66,0.00
360,19,66,0.00
361,2,93,771.90
361,18,93,0.00
361,8,93,0.00
361,2,85,705.50
362,12,85,0.00
362,17,85,0.00
362,2,80,664.00
363,9,80,120.00
363,10,80,120.00
363,2,58,481.40
363,12,58,0.00
364,11,58,0.00
364,2,82,680.60
364,8,82,0.00
365,13,82,0.00
365,2,98,813.40
365,12,98,0.00
365,7,98,0.00
366,2,78,647.40
366,15,78,0.00
366,11,78,0.00
366,2,51,423.30
367,7,51,0.00
367,19,51,0.00
367,2,66,547.80
368,17,66,0.00
368,9,66,99.00
368,2,52,431.60
368,7,52,0.00
369,11,52,0.00
369,2,87,722.10
369,15,87,0.00
370,12,87,0.00
370,2,56,464.80
370,15,56,0.00
370,15,56,0.00
371,2,55,456.50
371,16,55,0.00
371,7,55,0.00
371,2,74,614.20
372,10,74,111.00
372,15,74,0.00
372,2,75,622.50
373,8,75,0.00
373,14,75,0.00
373,2,53,439.90
373,14,53,0.00
374,8,53,0.00
374,2,56,464.80
374,12,56,0.00
375,12,56,0.00
375,4,85,960.50
375,10,85,127.50
375,14,85,0.00
376,16,85,0.00
376,21,85,0.00
376,4,95,1073.50
376,14,95,0.00
377,8,95,0.00
377,7,95,0.00
377,4,71,802.30
377,15,71,0.00
378,11,71,0.00
378,14,71,0.00
378,21,71,0.00
378,4,75,847.50
379,10,75,112.50
379,16,75,0.00
379,5,71,468.60
379,12,71,0.00
380,13,71,0.00
380,4,71,802.30
380,21,71,0.00
380,5,82,541.20
381,17,82,0.00
381,4,82,926.60
381,19,82,0.00
381,6,68,516.80
382,7,68,0.00
382,4,68,768.40
382,13,68,0.00
382,20,68,0.00
383,6,52,395.20
383,4,52,587.60
383,19,52,0.00
383,6,87,661.20
384,15,87,0.00
384,4,87,983.10
384,13,87,0.00
384,21,87,0.00
385,6,92,699.20
385,4,92,1039.60
385,11,92,0.00
385,14,92,0.00
386,7,92,0.00
386,4,92,1039.60
386,10,92,138.00
386,16,92,0.00
387,20,92,0.00
387,4,62,700.60
387,19,62,0.00
387,19,62,0.00
388,7,86,0.00
388,4,86,971.80
388,17,86,0.00
388,9,86,129.00
389,22,86,0.00
389,4,60,678.00
389,10,60,90.00
389,19,60,0.00
390,16,60,0.00
390,4,62,700.60
390,16,62,0.00
390,10,62,93.00
391,17,62,0.00
391,4,62,700.60
391,8,72,0.00
391,9,72,108.00
392,18,72,0.00
392,4,59,666.70
392,17,59,0.00
392,15,59,0.00
393,11,59,0.00
393,4,59,666.70
393,8,100,0.00
393,19,100,0.00
394,12,100,0.00
394,4,100,1130.00
394,9,95,142.50
394,17,95,0.00
395,19,95,0.00
395,4,95,1073.50
395,21,95,0.00
395,9,52,78.00
396,14,52,0.00
396,4,52,587.60
396,9,94,141.00
396,13,94,0.00
397,11,94,0.00
397,4,94,1062.20
397,21,94,0.00
397,9,88,132.00
398,17,88,0.00
398,4,88,994.40
398,13,88,0.00
398,10,50,75.00
399,16,50,0.00
399,4,50,565.00
399,16,50,0.00
399,22,50,0.00
400,10,66,99.00
400,4,66,745.80
400,11,66,0.00
400,10,92,138.00
401,12,92,0.00
401,4,92,1039.60
401,17,92,0.00
401,22,92,0.00
402,10,71,106.50
402,4,71,802.30
402,15,71,0.00
402,17,71,0.00
403,11,53,0.00
403,4,53,598.90
403,9,53,79.50
403,12,53,0.00
404,22,53,0.00
404,4,77,870.10
404,18,77,0.00
404,9,77,115.50
405,11,75,0.00
405,4,75,847.50
405,12,75,0.00
405,7,75,0.00
406,20,75,0.00
406,4,78,881.40
406,9,78,117.00
406,11,78,0.00
407,13,78,0.00
407,4,83,937.90
407,17,83,0.00
407,13,83,0.00
408,13,83,0.00
408,4,83,937.90
408,12,70,0.00
408,14,70,0.00
409,13,70,0.00
409,4,93,1050.90
409,11,93,0.00
409,14,93,0.00
410,9,93,139.50
410,3,53,519.40
410,10,53,79.50
410,19,53,0.00
411,21,53,0.00
411,3,52,509.60
411,17,52,0.00
411,16,52,0.00
412,20,52,0.00
412,3,93,911.40
412,14,93,0.00
412,17,93,0.00
413,20,93,0.00
413,3,87,852.60
413,7,87,0.00
413,10,87,130.50
414,20,87,0.00
414,3,64,627.20
414,19,64,0.00
414,9,64,96.00
415,22,64,0.00
415,3,82,803.60
415,12,82,0.00
415,14,82,0.00
416,21,82,0.00
416,3,86,842.80
416,17,86,0.00
416,8,86,0.00
417,22,86,0.00
417,3,60,588.00
417,12,60,0.00
417,16,60,0.00
418,21,60,0.00
418,3,76,744.80
418,13,76,0.00
418,9,76,114.00
419,22,76,0.00
419,3,87,852.60
419,15,87,0.00
419,15,87,0.00
420,21,87,0.00
420,3,68,666.40
420,11,68,0.00
420,7,68,0.00
421,22,68,0.00
421,3,83,813.40
421,17,83,0.00
421,16,83,0.00
422,20,83,0.00
422,3,51,499.80
422,10,51,76.50
422,16,51,0.00
423,22,51,0.00
423,3,64,627.20
423,16,64,0.00
423,9,64,96.00
424,22,64,0.00
424,3,57,558.60
424,19,57,0.00
424,14,57,0.00
425,22,57,0.00
425,3,59,578.20
425,17,59,0.00
425,10,59,88.50
426,22,59,0.00
426,3,69,676.20
426,13,69,0.00
426,18,69,0.00
427,21,69,0.00
427,3,57,558.60
427,11,57,0.00
427,14,57,0.00
428,21,57,0.00
428,3,85,833.00
428,11,85,0.00
428,9,85,127.50
429,21,85,0.00
429,4,73,824.90
429,19,73,0.00
429,8,73,0.00
430,12,73,0.00
430,21,73,0.00
430,4,71,802.30
430,18,71,0.00
431,8,71,0.00
431,18,71,0.00
431,4,93,1050.90
431,19,93,0.00
432,18,93,0.00
432,14,93,0.00
432,21,93,0.00
432,4,91,1028.30
433,10,91,136.50
433,17,91,0.00
433,5,81,534.60
433,8,81,0.00
434,13,81,0.00
434,4,81,915.30
434,22,81,0.00
434,5,63,415.80
435,16,63,0.00
435,4,63,711.90
435,18,63,0.00
435,6,83,630.80
436,9,83,124.50
436,4,83,937.90
436,15,83,0.00
436,21,83,0.00
437,6,72,547.20
437,4,72,813.60
437,10,72,108.00
437,6,72,547.20
438,14,72,0.00
438,4,72,813.60
438,14,72,0.00
438,21,72,0.00
439,6,60,456.00
439,4,60,678.00
439,13,60,0.00
439,16,60,0.00
440,7,88,0.00
440,4,88,994.40
440,16,88,0.00
440,18,88,0.00
441,21,88,0.00
441,4,67,757.10
441,18,67,0.00
441,7,67,0.00
442,7,87,0.00
442,4,87,983.10
442,14,87,0.00
442,19,87,0.00
443,22,87,0.00
443,4,90,1017.00
443,9,90,135.00
443,14,90,0.00
444,12,90,0.00
444,4,100,1130.00
444,14,100,0.00
444,18,100,0.00
445,13,100,0.00
445,4,100,1130.00
445,8,50,0.00
445,16,50,0.00
446,7,50,0.00
446,4,74,836.20
446,9,74,111.00
446,8,74,0.00
447,13,74,0.00
447,4,74,836.20
447,8,82,0.00
447,7,82,0.00
448,17,82,0.00
448,4,82,926.60
448,9,91,136.50
448,16,91,0.00
449,19,91,0.00
449,4,91,1028.30
449,21,91,0.00
449,9,60,90.00
450,19,60,0.00
450,4,60,678.00
450,9,72,108.00
450,9,72,108.00
451,15,72,0.00
451,4,72,813.60
451,20,72,0.00
451,9,52,78.00
452,9,52,78.00
452,4,52,587.60
452,13,52,0.00
452,10,68,102.00
453,19,68,0.00
453,4,68,768.40
453,15,68,0.00
453,20,68,0.00
454,10,53,79.50
454,4,53,598.90
454,18,53,0.00
454,10,88,132.00
455,17,88,0.00
455,4,88,994.40
455,12,88,0.00
455,21,88,0.00
456,10,78,117.00
456,4,78,881.40
456,17,78,0.00
456,9,78,117.00
457,11,75,0.00
457,4,75,847.50
457,9,75,112.50
457,8,75,0.00
458,20,75,0.00
458,4,86,971.80
458,19,86,0.00
458,17,86,0.00
459,11,88,0.00
459,4,88,994.40
459,13,88,0.00
459,11,88,0.00
460,22,88,0.00
460,4,89,1005.70
460,8,89,0.00
460,19,89,0.00
461,19,89,0.00
461,4,61,689.30
461,11,61,0.00
461,17,61,0.00
462,17,61,0.00
462,4,61,689.30
462,12,100,0.00
462,9,100,150.00
463,17,100,0.00
463,4,68,768.40
463,16,68,0.00
463,14,68,0.00
464,12,68,0.00
464,3,99,970.20
464,10,99,148.50
464,17,99,0.00
465,20,99,0.00
465,3,62,607.60
465,10,62,93.00
465,16,62,0.00
466,21,62,0.00
466,3,84,823.20
466,16,84,0.00
466,19,84,0.00
467,20,84,0.00
467,3,77,754.60
467,11,77,0.00
467,15,77,0.00
468,21,77,0.00
468,3,90,882.00
468,19,90,0.00
468,12,90,0.00
469,22,90,0.00
469,3,83,813.40
469,18,83,0.00
469,18,83,0.00
470,20,83,0.00
470,3,78,764.40
470,12,78,0.00
470,12,78,0.00
471,21,78,0.00
471,3,59,578.20
471,18,59,0.00
471,11,59,0.00
472,21,59,0.00
472,3,81,793.80
472,19,81,0.00
472,18,81,0.00
473,21,81,0.00
473,3,96,940.80
473,17,96,0.00
473,13,96,0.00
474,21,96,0.00
474,3,62,607.60
474,18,62,0.00
474,18,62,0.00
475,22,62,0.00
475,3,82,803.60
475,9,82,123.00
475,16,82,0.00
476,21,82,0.00
476,3,79,774.20
476,18,79,0.00
476,18,79,0.00
477,21,79,0.00
477,3,73,715.40
477,9,73,109.50
477,10,73,109.50
478,20,73,0.00
478,3,92,901.60
478,13,92,0.00
478,19,92,0.00
479,22,92,0.00
479,3,79,774.20
479,17,79,0.00
479,11,79,0.00
480,20,79,0.00
480,3,83,813.40
480,11,83,0.00
480,11,83,0.00
481,20,83,0.00
481,3,61,597.80
481,14,61,0.00
481,12,61,0.00
482,21,61,0.00
482,3,97,950.60
482,11,97,0.00
482,12,97,0.00
483,21,97,0.00
483,4,75,847.50
483,13,75,0.00
483,19,75,0.00
484,9,75,112.50
484,20,75,0.00
484,4,58,655.40
484,12,58,0.00
485,17,58,0.00
485,18,58,0.00
485,4,68,768.40
485,19,68,0.00
486,18,68,0.00
486,12,68,0.00
486,22,68,0.00
486,4,86,971.80
487,12,86,0.00
487,10,86,129.00
487,5,73,481.80
487,11,73,0.00
488,16,73,0.00
488,4,73,824.90
488,22,73,0.00
488,5,74,488.40
489,18,74,0.00
489,4,74,836.20
489,17,74,0.00
489,6,62,471.20
490,14,62,0.00
490,4,62,700.60
490,16,62,0.00
490,21,62,0.00
491,6,84,638.40
491,4,84,949.20
491,12,84,0.00
491,6,72,547.20
492,9,72,108.00
492,4,72,813.60
492,13,72,0.00
492,22,72,0.00
493,6,80,608.00
493,4,80,904.00
493,18,80,0.00
493,8,80,0.00
494,7,53,0.00
494,4,53,598.90
494,18,53,0.00
494,13,53,0.00
495,20,53,0.00
495,4,92,1039.60
495,8,92,0.00
495,18,92,0.00
496,7,80,0.00
496,4,80,904.00
496,15,80,0.00
496,13,80,0.00
497,20,80,0.00
497,4,79,892.70
497,15,79,0.00
497,11,79,0.00
498,13,79,0.00
498,4,64,723.20
498,12,64,0.00
498,17,64,0.00
499,9,64,96.00
499,4,64,723.20
499,8,64,0.00
499,14,64,0.00
500,8,64,0.00
500,4,56,632.80
500,10,56,84.00
500,11,56,0.00
501,16,56,0.00
501,4,56,632.80
501,8,88,0.00
501,17,88,0.00
502,9,88,132.00
502,4,88,994.40
502,9,88,132.00
502,10,88,132.00
503,14,88,0.00
503,4,88,994.40
503,22,88,0.00
503,9,86,129.00
504,14,86,0.00
504,4,86,971.80
504,9,85,127.50
504,14,85,0.00
505,15,85,0.00
505,4,85,960.50
505,22,85,0.00
505,9,81,121.50
506,19,81,0.00
506,4,81,915.30
506,13,81,0.00
506,10,68,102.00
507,7,68,0.00
507,4,68,768.40
507,12,68,0.00
507,21,68,0.00
508,10,96,144.00
508,4,96,1084.80
508,14,96,0.00
508,10,71,106.50
509,16,71,0.00
509,4,71,802.30
509,16,71,0.00
509,21,71,0.00
510,10,50,75.00
510,4,50,565.00
510,13,50,0.00
510,17,50,0.00
511,11,81,0.00
511,4,81,915.30
511,18,81,0.00
511,9,81,121.50
512,21,81,0.00
512,4,71,802.30
512,11,71,0.00
512,15,71,0.00
513,11,63,0.00
513,4,63,711.90
513,12,63,0.00
513,7,63,0.00
514,22,63,0.00
514,4,61,689.30
514,9,61,91.50
514,19,61,0.00
515,11,61,0.00
515,4,72,813.60
515,14,72,0.00
515,19,72,0.00
516,7,72,0.00
516,4,72,813.60
516,12,52,0.00
516,10,52,78.00
517,14,52,0.00
517,4,58,655.40
517,18,58,0.00
517,7,58,0.00
518,12,58,0.00
518,2,65,539.50
518,12,65,0.00
518,15,65,0.00
519,2,63,522.90
519,16,63,0.00
519,19,63,0.00
519,2,95,788.50
520,8,95,0.00
520,12,95,0.00
520,2,66,547.80
521,8,66,0.00
521,11,66,0.00
521,2,60,498.00
521,16,60,0.00
522,13,60,0.00
522,2,59,489.70
522,16,59,0.00
523,17,59,0.00
523,2,80,664.00
523,17,80,0.00
523,16,80,0.00
524,2,84,697.20
524,14,84,0.00
524,7,84,0.00
524,2,84,697.20
525,15,84,0.00
525,9,84,126.00
525,2,60,498.00
526,16,60,0.00
526,17,60,0.00
526,2,100,830.00
526,19,100,0.00
527,18,100,0.00
527,2,89,738.70
527,10,89,133.50
528,18,89,0.00
528,2,66,547.80
528,10,66,99.00
528,10,66,99.00
529,2,74,614.20
529,8,74,0.00
529,19,74,0.00
529,2,89,738.70
530,11,89,0.00
530,18,89,0.00
530,2,62,514.60
531,9,62,93.00
531,19,62,0.00
531,2,95,788.50
531,13,95,0.00
532,10,95,142.50
532,2,90,747.00
532,8,90,0.00
533,18,90,0.00
533,2,95,788.50
533,14,95,0.00
533,15,95,0.00
534,2,74,614.20
534,13,74,0.00
534,11,74,0.00
534,2,83,688.90
535,12,83,0.00
535,13,83,0.00
535,2,67,556.10
536,7,67,0.00
536,9,67,100.50
536,2,82,680.60
536,13,82,0.00
537,16,82,0.00
537,2,81,672.30
537,19,81,0.00
538,19,81,0.00
538,2,58,481.40
538,11,58,0.00
538,9,58,87.00
539,2,59,489.70
539,19,59,0.00
539,17,59,0.00
539,2,100,830.00
540,7,100,0.00
540,14,100,0.00
540,2,92,763.60
541,14,92,0.00
541,19,92,0.00
541,2,51,423.30
541,14,51,0.00
542,19,51,0.00
542,2,52,431.60
542,8,52,0.00
543,16,52,0.00
543,2,59,489.70
543,10,59,88.50
543,16,59,0.00
544,2,68,564.40
544,18,68,0.00
544,15,68,0.00
544,2,99,821.70
545,19,99,0.00
545,11,99,0.00
545,2,67,556.10
546,8,67,0.00
546,11,67,0.00
546,2,98,813.40
546,14,98,0.00
547,19,98,0.00
547,2,60,498.00
547,18,60,0.00
548,17,60,0.00
548,2,79,655.70
548,16,79,0.00
548,10,79,118.50
549,2,58,481.40
549,11,58,0.00
549,12,58,0.00
549,2,89,738.70
550,19,89,0.00
550,9,89,133.50
550,2,84,697.20
551,8,84,0.00
551,16,84,0.00
551,2,63,522.90
551,11,63,0.00
552,12,63,0.00
552,2,100,830.00
552,15,100,0.00
553,15,100,0.00
553,4,72,813.60
553,8,72,0.00
553,8,72,0.00
554,17,72,0.00
554,20,72,0.00
554,4,71,802.30
554,16,71,0.00
555,12,71,0.00
555,8,71,0.00
555,4,92,1039.60
555,12,92,0.00
556,12,92,0.00
556,14,92,0.00
556,20,92,0.00
556,4,59,666.70
557,12,59,0.00
557,12,59,0.00
557,5,61,402.60
557,19,61,0.00
558,17,61,0.00
558,4,61,689.30
558,21,61,0.00
558,5,56,369.60
559,10,56,84.00
559,4,56,632.80
559,13,56,0.00
559,6,89,676.40
560,13,89,0.00
560,4,89,1005.70
560,10,89,133.50
560,22,89,0.00
561,6,63,478.80
561,4,63,711.90
561,7,63,0.00
561,6,69,524.40
562,13,69,0.00
562,4,69,779.70
562,10,69,103.50
562,20,69,0.00
563,6,63,478.80
563,4,63,711.90
563,12,63,0.00
563,16,63,0.00
564,7,59,0.00
564,4,59,666.70
564,12,59,0.00
564,11,59,0.00
565,20,59,0.00
565,4,96,1084.80
565,12,96,0.00
565,19,96,0.00
566,7,66,0.00
566,4,66,745.80
566,17,66,0.00
566,13,66,0.00
567,20,66,0.00
567,4,93,1050.90
567,11,93,0.00
567,12,93,0.00
568,11,93,0.00
568,4,68,768.40
568,14,68,0.00
568,7,68,0.00
569,17,68,0.00
569,4,68,768.40
569,8,64,0.00
569,10,64,96.00
570,9,64,96.00
570,4,99,1118.70
570,18,99,0.00
570,14,99,0.00
571,16,99,0.00
571,4,99,1118.70
571,8,87,0.00
571,9,87,130.50
572,17,87,0.00
572,4,87,983.10
572,9,92,138.00
572,17,92,0.00
573,14,92,0.00
573,4,92,1039.60
573,21,92,0.00
573,9,79,118.50
574,16,79,0.00
574,4,79,892.70
574,9,69,103.50
574,13,69,0.00
575,15,69,0.00
575,4,69,779.70
575,21,69,0.00
575,9,94,141.00
576,9,94,141.00
576,4,94,1062.20
576,16,94,0.00
576,10,60,90.00
577,13,60,0.00
577,4,60,678.00
577,16,60,0.00
577,20,60,0.00
578,10,90,135.00
578,4,90,1017.00
578,19,90,0.00
578,10,53,79.50
579,17,53,0.00
579,4,53,598.90
579,7,53,0.00
579,22,53,0.00
580,10,76,114.00
580,4,76,858.80
580,11,76,0.00
580,14,76,0.00
581,11,94,0.00
581,4,94,1062.20
581,9,94,141.00
581,14,94,0.00
582,21,94,0.00
582,4,79,892.70
582,7,79,0.00
582,13,79,0.00
583,11,94,0.00
583,4,94,1062.20
583,15,94,0.00
583,12,94,0.00
584,21,94,0.00
584,4,68,768.40
584,15,68,0.00
584,15,68,0.00
585,15,68,0.00
585,4,75,847.50
585,17,75,0.00
585,9,75,112.50
586,9,75,112.50
586,4,75,847.50
586,12,53,0.00
586,10,53,79.50
587,8,53,0.00
587,4,58,655.40
587,11,58,0.00
587,17,58,0.00
588,19,58,0.00
588,3,87,852.60
588,11,87,0.00
588,18,87,0.00
589,21,87,0.00
589,3,100,980.00
589,10,100,150.00
589,16,100,0.00
590,22,100,0.00
590,3,60,588.00
590,18,60,0.00
590,8,60,0.00
591,20,60,0.00
591,3,72,705.60
591,10,72,108.00
591,10,72,108.00
592,22,72,0.00
592,3,79,774.20
592,18,79,0.00
592,10,79,118.50
593,22,79,0.00
593,3,57,558.60
593,7,57,0.00
593,8,57,0.00
594,20,57,0.00
594,3,58,568.40
594,10,58,87.00
594,18,58,0.00
595,22,58,0.00
595,3,71,695.80
595,15,71,0.00
595,13,71,0.00
596,21,71,0.00
596,3,52,509.60
596,16,52,0.00
596,18,52,0.00
597,22,52,0.00
597,3,68,666.40
597,10,68,102.00
597,12,68,0.00
598,22,68,0.00
598,3,87,852.60
598,16,87,0.00
598,7,87,0.00
599,21,87,0.00
599,3,99,970.20
599,19,99,0.00
599,14,99,0.00
600,21,99,0.00
600,3,69,676.20
600,17,69,0.00
600,14,69,0.00
601,22,69,0.00
601,3,62,607.60
601,12,62,0.00
601,7,62,0.00
602,21,62,0.00
602,3,72,705.60
602,19,72,0.00
602,13,72,0.00
603,22,72,0.00
603,3,68,666.40
603,8,68,0.00
603,18,68,0.00
604,22,68,0.00
604,3,92,901.60
604,9,92,138.00
604,13,92,0.00
605,21,92,0.00
605,3,85,833.00
605,11,85,0.00
605,7,85,0.00
606,21,85,0.00
606,3,91,891.80
606,7,91,0.00
606,15,91,0.00
607,22,91,0.00
607,4,70,791.00
607,9,70,105.00
607,12,70,0.00
608,8,70,0.00
608,22,70,0.00
608,4,65,734.50
608,7,65,0.00
609,13,65,0.00
609,15,65,0.00
609,4,74,836.20
609,10,74,111.00
610,8,74,0.00
610,10,74,111.00
610,20,74,0.00
610,4,56,632.80
611,14,56,0.00
611,17,56,0.00
611,5,61,402.60
611,17,61,0.00
612,8,61,0.00
612,4,61,689.30
612,21,61,0.00
612,5,93,613.80
613,13,93,0.00
613,4,93,1050.90
613,16,93,0.00
613,6,51,387.60
614,15,51,0.00
614,4,51,576.30
614,7,51,0.00
614,22,51,0.00
615,6,98,744.80
615,4,98,1107.40
615,15,98,0.00
615,6,55,418.00
616,8,55,0.00
616,4,55,621.50
616,13,55,0.00
616,20,55,0.00
617,6,81,615.60
617,4,81,915.30
617,17,81,0.00
617,8,81,0.00
618,7,53,0.00
618,4,53,598.90
618,15,53,0.00
618,7,53,0.00
619,22,53,0.00
619,4,51,576.30
619,9,51,76.50
619,17,51,0.00
620,7,51,0.00
620,4,51,576.30
620,11,51,0.00
620,12,51,0.00
621,21,51,0.00
621,4,69,779.70
621,18,69,0.00
621,15,69,0.00
622,15,69,0.00
622,4,54,610.20
622,18,54,0.00
622,13,54,0.00
623,14,54,0.00
623,4,54,610.20
623,8,83,0.00
623,12,83,0.00
624,17,83,0.00
624,4,88,994.40
624,17,88,0.00
624,16,88,0.00
625,18,88,0.00
625,4,88,994.40
625,8,87,0.00
625,9,87,130.50
626,15,87,0.00
626,4,87,983.10
626,9,64,96.00
626,17,64,0.00
627,14,64,0.00
627,4,64,723.20
627,21,64,0.00
627,9,97,145.50
628,11,97,0.00
628,4,97,1096.10
628,9,96,144.00
628,16,96,0.00
629,9,96,144.00
629,4,96,1084.80
629,20,96,0.00
629,9,62,93.00
630,14,62,0.00
630,4,62,700.60
630,17,62,0.00
630,10,89,133.50
631,13,89,0.00
631,4,89,1005.70
631,14,89,0.00
631,20,89,0.00
632,10,68,102.00
632,4,68,768.40
632,17,68,0.00
632,10,68,102.00
633,17,68,0.00
633,4,68,768.40
633,17,68,0.00
633,22,68,0.00
634,10,53,79.50
634,4,53,598.90
634,10,53,79.50
634,10,53,79.50
635,11,97,0.00
635,4,97,1096.10
635,10,97,145.50
635,15,97,0.00
636,21,97,0.00
636,4,53,598.90
636,17,53,0.00
636,17,53,0.00
637,11,64,0.00
637,4,64,723.20
637,16,64,0.00
637,17,64,0.00
638,21,64,0.00
638,4,99,1118.70
638,8,99,0.00
638,16,99,0.00
639,7,99,0.00
639,4,95,1073.50
639,16,95,0.00
639,13,95,0.00
640,13,95,0.00
640,4,95,1073.50
640,12,61,0.00
640,11,61,0.00
641,8,61,0.00
641,4,56,632.80
641,16,56,0.00
641,12,56,0.00
642,14,56,0.00
642,3,60,588.00
642,8,60,0.00
642,15,60,0.00
643,22,60,0.00
643,3,90,882.00
643,13,90,0.00
643,7,90,0.00
644,20,90,0.00
644,3,89,872.20
644,14,89,0.00
644,10,89,133.50
645,20,89,0.00
645,3,88,862.40
645,9,88,132.00
645,14,88,0.00
646,21,88,0.00
646,3,92,901.60
646,19,92,0.00
646,10,92,138.00
647,21,92,0.00
647,3,54,529.20
647,10,54,81.00
647,19,54,0.00
648,20,54,0.00
648,3,85,833.00
648,8,85,0.00
648,11,85,0.00
649,20,85,0.00
649,3,76,744.80
649,19,76,0.00
649,7,76,0.00
650,21,76,0.00
650,3,89,872.20
650,11,89,0.00
650,15,89,0.00
651,20,89,0.00
651,3,50,490.00
651,16,50,0.00
651,8,50,0.00
652,21,50,0.00
652,3,69,676.20
652,11,69,0.00
652,17,69,0.00
653,21,69,0.00
653,3,55,539.00
653,7,55,0.00
653,19,55,0.00
654,21,55,0.00
654,3,88,862.40
654,19,88,0.00
654,11,88,0.00
655,21,88,0.00
655,3,50,490.00
655,7,50,0.00
655,18,50,0.00
656,20,50,0.00
656,3,53,519.40
656,12,53,0.00
656,8,53,0.00
657,22,53,0.00
657,3,56,548.80
657,18,56,0.00
657,13,56,0.00
658,21,56,0.00
658,3,86,842.80
658,17,86,0.00
658,19,86,0.00
659,21,86,0.00
659,3,83,813.40
659,8,83,0.00
659,7,83,0.00
660,22,83,0.00
660,3,86,842.80
660,18,86,0.00
660,13,86,0.00
661,21,86,0.00
661,4,74,836.20
661,12,74,0.00
661,10,74,111.00
662,17,74,0.00
662,20,74,0.00
662,4,59,666.70
662,19,59,0.00
663,18,59,0.00
663,17,59,0.00
663,4,82,926.60
663,8,82,0.00
664,18,82,0.00
664,8,82,0.00
664,22,82,0.00
664,4,78,881.40
665,15,78,0.00
665,16,78,0.00
665,5,96,633.60
665,10,96,144.00
666,16,96,0.00
666,4,96,1084.80
666,21,96,0.00
666,5,74,488.40
667,7,74,0.00
667,4,74,836.20
667,19,74,0.00
667,6,85,646.00
668,18,85,0.00
668,4,85,960.50
668,15,85,0.00
668,20,85,0.00
669,6,93,706.80
669,4,93,1050.90
669,11,93,0.00
669,6,90,684.00
670,15,90,0.00
670,4,90,1017.00
670,8,90,0.00
670,21,90,0.00
671,6,83,630.80
671,4,83,937.90
671,13,83,0.00
671,19,83,0.00
672,7,80,0.00
672,4,80,904.00
672,19,80,0.00
672,14,80,0.00
673,21,80,0.00
673,4,86,971.80
673,15,86,0.00
673,9,86,129.00
674,7,74,0.00
674,4,74,836.20
674,9,74,111.00
674,12,74,0.00
675,21,74,0.00
675,4,77,870.10
675,13,77,0.00
675,12,77,0.00
676,16,77,0.00
676,4,95,1073.50
676,9,95,142.50
676,19,95,0.00
677,11,95,0.00
677,4,95,1073.50
677,8,50,0.00
677,13,50,0.00
678,18,50,0.00
678,4,95,1073.50
678,12,95,0.00
678,12,95,0.00
679,17,95,0.00
679,4,95,1073.50
679,8,60,0.00
679,10,60,90.00
680,17,60,0.00
680,4,60,678.00
680,9,100,150.00
680,8,100,0.00
681,9,100,150.00
681,4,100,1130.00
681,20,100,0.00
681,9,56,84.00
682,11,56,0.00
682,4,56,632.80
682,9,75,112.50
682,11,75,0.00
683,19,75,0.00
683,4,75,847.50
683,21,75,0.00
683,9,72,108.00
684,14,72,0.00
684,4,72,813.60
684,14,72,0.00
684,10,95,142.50
685,11,95,0.00
685,4,95,1073.50
685,18,95,0.00
685,22,95,0.00
686,10,90,135.00
686,4,90,1017.00
686,9,90,135.00
686,10,51,76.50
687,14,51,0.00
687,4,51,576.30
687,7,51,0.00
687,21,51,0.00
688,10,66,99.00
688,4,66,745.80
688,7,66,0.00
688,15,66,0.00
689,11,91,0.00
689,4,91,1028.30
689,12,91,0.00
689,7,91,0.00
690,20,91,0.00
690,4,87,983.10
690,7,87,0.00
690,11,87,0.00
691,11,78,0.00
691,4,78,881.40
691,12,78,0.00
691,13,78,0.00
692,22,78,0.00
692,4,89,1005.70
692,12,89,0.00
692,9,89,133.50
693,8,89,0.00
693,4,100,1130.00
693,8,100,0.00
693,8,100,0.00
694,11,100,0.00
694,4,100,1130.00
694,12,99,0.00
694,7,99,0.00
695,18,99,0.00
695,4,87,983.10
695,19,87,0.00
695,15,87,0.00
696,12,87,0.00
696,2,96,796.80
696,10,96,144.00
696,15,96,0.00
697,2,53,439.90
697,8,53,0.00
697,13,53,0.00
697,2,53,439.90
698,9,53,79.50
698,14,53,0.00
698,2,97,805.10
699,18,97,0.00
699,16,97,0.00
699,2,60,498.00
699,14,60,0.00
700,17,60,0.00
700,2,75,622.50
700,9,75,112.50
701,11,75,0.00
701,2,89,738.70
701,18,89,0.00
701,11,89,0.00
702,2,53,439.90
702,18,53,0.00
702,8,53,0.00
702,2,61,506.30
703,18,61,0.00
703,12,61,0.00
703,2,59,489.70
704,11,59,0.00
704,14,59,0.00
704,2,83,688.90
704,11,83,0.00
705,17,83,0.00
705,2,60,498.00
705,9,60,90.00
706,15,60,0.00
706,2,71,589.30
706,12,71,0.00
706,17,71,0.00
707,2,98,813.40
707,17,98,0.00
707,16,98,0.00
707,2,57,473.10
708,8,57,0.00
708,7,57,0.00
708,2,87,722.10
709,16,87,0.00
709,9,87,130.50
709,2,60,498.00
709,11,60,0.00
710,7,60,0.00
710,2,75,622.50
710,17,75,0.00
711,8,75,0.00
711,2,94,780.20
711,14,94,0.00
711,7,94,0.00
712,2,83,688.90
712,18,83,0.00
712,13,83,0.00
712,2,70,581.00
713,15,70,0.00
713,19,70,0.00
713,2,59,489.70
714,8,59,0.00
714,15,59,0.00
714,2,75,622.50
714,9,75,112.50
715,16,75,0.00
715,2,90,747.00
715,7,90,0.00
716,10,90,135.00
716,2,66,547.80
716,16,66,0.00
716,18,66,0.00
717,2,79,655.70
717,10,79,118.50
717,17,79,0.00
717,2,67,556.10
718,11,67,0.00
718,10,67,100.50
718,2,86,713.80
719,8,86,0.00
719,8,86,0.00
719,2,78,647.40
719,16,78,0.00
720,19,78,0.00
720,2,68,564.40
720,10,68,102.00
721,19,68,0.00
721,2,57,473.10
721,11,57,0.00
721,9,57,85.50
722,2,91,755.30
722,9,91,136.50
722,13,91,0.00
722,2,100,830.00
723,9,100,150.00
723,12,100,0.00
723,2,90,747.00
724,15,90,0.00
724,16,90,0.00
724,2,75,622.50
724,11,75,0.00
725,7,75,0.00
725,2,53,439.90
725,17,53,0.00
726,15,53,0.00
726,2,78,647.40
726,8,78,0.00
726,13,78,0.00
727,2,62,514.60
727,13,62,0.00
727,16,62,0.00
727,2,52,431.60
728,13,52,0.00
728,11,52,0.00
728,2,84,697.20
729,13,84,0.00
729,19,84,0.00
729,2,52,431.60
729,8,52,0.00
730,12,52,0.00
730,2,83,688.90
730,10,83,124.50
731,19,83,0.00
731,4,51,576.30
731,19,51,0.00
731,12,51,0.00
732,15,51,0.00
732,22,51,0.00
732,4,65,734.50
732,16,65,0.00
733,12,65,0.00
733,11,65,0.00
733,4,99,1118.70
733,18,99,0.00
734,15,99,0.00
734,9,99,148.50
734,22,99,0.00
734,4,68,768.40
735,11,68,0.00
735,10,68,102.00
735,5,90,594.00
735,10,90,135.00
736,12,90,0.00
736,4,90,1017.00
736,21,90,0.00
736,5,69,455.40
737,11,69,0.00
737,4,69,779.70
737,12,69,0.00
737,6,56,425.60
738,16,56,0.00
738,4,56,632.80
738,15,56,0.00
738,20,56,0.00
739,6,73,554.80
739,4,73,824.90
739,14,73,0.00
739,6,66,501.60
740,13,66,0.00
740,4,66,745.80
740,19,66,0.00
740,21,66,0.00
741,6,91,691.60
741,4,91,1028.30
741,9,91,136.50
741,15,91,0.00
742,7,99,0.00
742,4,99,1118.70
742,10,99,148.50
742,13,99,0.00
743,20,99,0.00
743,4,98,1107.40
743,14,98,0.00
743,18,98,0.00
744,7,53,0.00
744,4,53,598.90
744,7,53,0.00
744,10,53,79.50
745,22,53,0.00
745,4,83,937.90
745,19,83,0.00
745,13,83,0.00
746,12,83,0.00
746,4,83,937.90
746,9,83,124.50
746,8,83,0.00
747,10,83,124.50
747,4,83,937.90
747,8,65,0.00
747,12,65,0.00
748,19,65,0.00
748,4,93,1050.90
748,10,93,139.50
748,9,93,139.50
749,10,93,139.50
749,4,93,1050.90
749,8,87,0.00
749,17,87,0.00
750,17,87,0.00
750,4,87,983.10
750,9,88,132.00
750,9,88,132.00
751,9,88,132.00
751,4,88,994.40
751,21,88,0.00
751,9,86,129.00
752,8,86,0.00
752,4,86,971.80
752,9,88,132.00
752,11,88,0.00
753,7,88,0.00
753,4,88,994.40
753,22,88,0.00
753,9,54,81.00
754,15,54,0.00
754,4,54,610.20
754,12,54,0.00
754,10,94,141.00
755,9,94,141.00
755,4,94,1062.20
755,14,94,0.00
755,22,94,0.00
756,10,95,142.50
756,4,95,1073.50
756,18,95,0.00
756,10,74,111.00
757,11,74,0.00
757,4,74,836.20
757,7,74,0.00
757,21,74,0.00
758,10,97,145.50
758,4,97,1096.10
758,12,97,0.00
758,8,97,0.00
759,11,73,0.00
759,4,73,824.90
759,14,73,0.00
759,14,73,0.00
760,21,73,0.00
760,4,93,1050.90
760,12,93,0.00
760,10,93,139.50
761,11,76,0.00
761,4,76,858.80
761,16,76,0.00
761,19,76,0.00
762,20,76,0.00
762,4,55,621.50
762,14,55,0.00
762,9,55,82.50
763,8,55,0.00
763,4,53,598.90
763,10,53,79.50
763,10,53,79.50
764,11,53,0.00
764,4,53,598.90
764,12,60,0.00
764,8,60,0.00
765,8,60,0.00
765,4,51,576.30
765,13,51,0.00
765,13,51,0.00
766,16,51,0.00
766,3,68,666.40
766,9,68,102.00
766,11,68,0.00
767,20,68,0.00
767,3,79,774.20
767,16,79,0.00
767,15,79,0.00
768,22,79,0.00
768,3,88,862.40
768,10,88,132.00
768,17,88,0.00
769,22,88,0.00
769,3,82,803.60
769,13,82,0.00
769,15,82,0.00
770,21,82,0.00
770,3,65,637.00
770,13,65,0.00
770,18,65,0.00
771,20,65,0.00
771,3,58,568.40
771,17,58,0.00
771,18,58,0.00
772,21,58,0.00
772,3,62,607.60
772,19,62,0.00
772,11,62,0.00
773,21,62,0.00
773,3,73,715.40
773,17,73,0.00
773,16,73,0.00
774,21,73,0.00
774,3,67,656.60
774,13,67,0.00
774,8,67,0.00
775,21,67,0.00
775,3,70,686.00
775,13,70,0.00
775,7,70,0.00
776,22,70,0.00
776,3,81,793.80
776,12,81,0.00
776,11,81,0.00
777,21,81,0.00
777,3,64,627.20
777,13,64,0.00
777,19,64,0.00
778,21,64,0.00
778,3,70,686.00
778,9,70,105.00
778,9,70,105.00
779,22,70,0.00
779,3,52,509.60
779,13,52,0.00
779,18,52,0.00
780,21,52,0.00
780,3,70,686.00
780,19,70,0.00
780,18,70,0.00
781,21,70,0.00
781,3,79,774.20
781,18,79,0.00
781,19,79,0.00
782,20,79,0.00
782,3,70,686.00
782,11,70,0.00
782,14,70,0.00
783,22,70,0.00
783,3,91,891.80
783,17,91,0.00
783,9,91,136.50
784,22,91,0.00
784,3,75,735.00
784,18,75,0.00
784,10,75,112.50
785,22,75,0.00
785,4,80,904.00
785,7,80,0.00
785,17,80,0.00
786,8,80,0.00
786,22,80,0.00
786,4,64,723.20
786,12,64,0.00
787,8,64,0.00
787,10,64,96.00
787,4,65,734.50
787,13,65,0.00
788,19,65,0.00
788,12,65,0.00
788,22,65,0.00
788,4,100,1130.00
789,7,100,0.00
789,11,100,0.00
789,5,56,369.60
789,11,56,0.00
790,14,56,0.00
790,4,56,632.80
790,20,56,0.00
790,5,52,343.20
791,15,52,0.00
791,4,52,587.60
791,9,52,78.00
791,6,74,562.40
792,7,74,0.00
792,4,74,836.20
792,8,74,0.00
792,20,74,0.00
793,6,92,699.20
793,4,92,1039.60
793,14,92,0.00
793,6,63,478.80
794,15,63,0.00
794,4,63,711.90
794,15,63,0.00
794,20,63,0.00
795,6,89,676.40
795,4,89,1005.70
795,8,89,0.00
795,8,89,0.00
796,7,83,0.00
796,4,83,937.90
796,9,83,124.50
796,14,83,0.00
797,22,83,0.00
797,4,61,689.30
797,16,61,0.00
797,14,61,0.00
798,7,85,0.00
798,4,85,960.50
798,12,85,0.00
798,10,85,127.50
799,22,85,0.00
799,4,73,824.90
799,13,73,0.00
799,16,73,0.00
800,17,73,0.00
800,4,66,745.80
800,15,66,0.00
800,9,66,99.00
801,19,66,0.00
801,4,66,745.80
801,8,72,0.00
801,8,72,0.00
802,8,72,0.00
802,4,64,723.20
802,8,64,0.00
802,10,64,96.00
803,11,64,0.00
803,4,64,723.20
803,8,51,0.00
803,12,51,0.00
804,9,51,76.50
804,4,51,576.30
804,9,78,117.00
804,10,78,117.00
805,17,78,0.00
805,4,78,881.40
805,20,78,0.00
805,9,77,115.50
806,16,77,0.00
806,4,77,870.10
806,9,98,147.00
806,13,98,0.00
807,12,98,0.00
807,4,98,1107.40
807,20,98,0.00
807,9,87,130.50
808,7,87,0.00
808,4,87,983.10
808,16,87,0.00
808,10,87,130.50
809,9,87,130.50
809,4,87,983.10
809,8,87,0.00
809,22,87,0.00
810,10,62,93.00
810,4,62,700.60
810,16,62,0.00
810,10,71,106.50
811,10,71,106.50
811,4,71,802.30
811,13,71,0.00
811,21,71,0.00
812,10,90,135.00
812,4,90,1017.00
812,9,90,135.00
812,19,90,0.00
813,11,71,0.00
813,4,71,802.30
813,13,71,0.00
813,12,71,0.00
814,20,71,0.00
814,4,52,587.60
814,7,52,0.00
814,13,52,0.00
815,11,79,0.00
815,4,79,892.70
815,9,79,118.50
815,12,79,0.00
816,20,79,0.00
816,4,75,847.50
816,8,75,0.00
816,7,75,0.00
817,15,75,0.00
817,4,54,610.20
817,14,54,0.00
817,15,54,0.00
818,14,54,0.00
818,4,54,610.20
818,12,84,0.00
818,19,84,0.00
819,16,84,0.00
819,4,67,757.10
819,18,67,0.00
819,12,67,0.00
820,17,67,0.00
820,3,87,852.60
820,17,87,0.00
820,16,87,0.00
821,21,87,0.00
821,3,54,529.20
821,19,54,0.00
821,18,54,0.00
822,21,54,0.00
822,3,78,764.40
822,14,78,0.00
822,9,78,117.00
823,21,78,0.00
823,3,84,823.20
823,19,84,0.00
823,11,84,0.00
824,22,84,0.00
824,3,53,519.40
824,11,53,0.00
824,15,53,0.00
825,20,53,0.00
825,3,66,646.80
825,9,66,99.00
825,12,66,0.00
826,21,66,0.00
826,3,54,529.20
826,11,54,0.00
826,7,54,0.00
827,21,54,0.00
827,3,66,646.80
827,8,66,0.00
827,16,66,0.00
828,21,66,0.00
828,3,99,970.20
828,10,99,148.50
828,16,99,0.00
829,21,99,0.00
829,3,75,735.00
829,17,75,0.00
829,10,75,112.50
830,22,75,0.00
830,3,72,705.60
830,10,72,108.00
830,12,72,0.00
831,22,72,0.00
831,3,100,980.00
831,9,100,150.00
831,19,100,0.00
832,22,100,0.00
832,3,51,499.80
832,7,51,0.00
832,13,51,0.00
833,22,51,0.00
833,3,81,793.80
833,10,81,121.50
833,13,81,0.00
834,22,81,0.00
834,3,91,891.80
834,19,91,0.00
834,19,91,0.00
835,20,91,0.00
835,3,67,656.60
835,9,67,100.50
835,18,67,0.00
836,22,67,0.00
836,3,51,499.80
836,10,51,76.50
836,13,51,0.00
837,22,51,0.00
837,3,95,931.00
837,10,95,142.50
837,12,95,0.00
838,21,95,0.00
838,3,64,627.20
838,16,64,0.00
838,15,64,0.00
839,21,64,0.00
839,4,66,745.80
839,7,66,0.00
839,12,66,0.00
840,10,66,99.00
840,20,66,0.00
840,4,69,779.70
840,19,69,0.00
841,8,69,0.00
841,7,69,0.00
841,4,85,960.50
841,14,85,0.00
842,9,85,127.50
842,9,85,127.50
842,21,85,0.00
842,4,92,1039.60
843,13,92,0.00
843,13,92,0.00
843,5,81,534.60
843,18,81,0.00
844,13,81,0.00
844,4,81,915.30
844,20,81,0.00
844,5,60,396.00
845,10,60,90.00
845,4,60,678.00
845,11,60,0.00
845,6,81,615.60
846,13,81,0.00
846,4,81,915.30
846,7,81,0.00
846,20,81,0.00
847,6,55,418.00
847,4,55,621.50
847,19,55,0.00
847,6,62,471.20
848,13,62,0.00
848,4,62,700.60
848,11,62,0.00
848,21,62,0.00
849,6,74,562.40
849,4,74,836.20
849,15,74,0.00
849,18,74,0.00
850,7,54,0.00
850,4,54,610.20
850,8,54,0.00
850,12,54,0.00
851,21,54,0.00
851,4,96,1084.80
851,12,96,0.00
851,14,96,0.00
852,7,60,0.00
852,4,60,678.00
852,9,60,90.00
852,11,60,0.00
853,20,60,0.00
853,4,92,1039.60
853,12,92,0.00
853,16,92,0.00
854,9,92,138.00
854,4,100,1130.00
854,10,100,150.00
854,16,100,0.00
855,11,100,0.00
855,4,100,1130.00
855,8,77,0.00
855,15,77,0.00
856,10,77,115.50
856,4,71,802.30
856,8,71,0.00
856,13,71,0.00
857,15,71,0.00
857,4,71,802.30
857,8,57,0.00
857,9,57,85.50
858,13,57,0.00
858,4,57,644.10
858,9,68,102.00
858,18,68,0.00
859,8,68,0.00
859,4,68,768.40
859,22,68,0.00
859,9,95,142.50
860,9,95,142.50
860,4,95,1073.50
860,9,97,145.50
860,18,97,0.00
861,17,97,0.00
861,4,97,1096.10
861,20,97,0.00
861,9,60,90.00
862,12,60,0.00
862,4,60,678.00
862,10,60,90.00
862,10,52,78.00
863,16,52,0.00
863,4,52,587.60
863,12,52,0.00
863,22,52,0.00
864,10,66,99.00
864,4,66,745.80
864,9,66,99.00
864,10,98,147.00
865,12,98,0.00
865,4,98,1107.40
865,11,98,0.00
865,22,98,0.00
866,10,58,87.00
866,4,58,655.40
866,11,58,0.00
866,13,58,0.00
867,11,61,0.00
867,4,61,689.30
867,15,61,0.00
867,9,61,91.50
868,21,61,0.00
868,4,68,768.40
868,12,68,0.00
868,18,68,0.00
869,11,97,0.00
869,4,97,1096.10
869,19,97,0.00
869,18,97,0.00
870,22,97,0.00
870,4,96,1084.80
870,12,96,0.00
870,13,96,0.00
871,17,96,0.00
871,4,84,949.20
871,19,84,0.00
871,10,84,126.00
872,12,84,0.00
872,4,84,949.20
872,12,94,0.00
872,15,94,0.00
873,13,94,0.00
873,4,85,960.50
873,14,85,0.00
873,12,85,0.00
874,10,85,127.50
874,2,84,697.20
874,16,84,0.00
874,10,84,126.00
875,2,52,431.60
875,19,52,0.00
875,8,52,0.00
875,2,97,805.10
876,12,97,0.00
876,10,97,145.50
876,2,86,713.80
877,11,86,0.00
877,15,86,0.00
877,2,87,722.10
877,16,87,0.00
878,15,87,0.00
878,2,66,547.80
878,14,66,0.00
879,9,66,99.00
879,2,54,448.20
879,10,54,81.00
879,18,54,0.00
880,2,57,473.10
880,15,57,0.00
880,16,57,0.00
880,2,61,506.30
881,18,61,0.00
881,17,61,0.00
881,2,54,448.20
882,9,54,81.00
882,9,54,81.00
882,2,97,805.10
882,9,97,145.50
883,7,97,0.00
883,2,53,439.90
883,11,53,0.00
884,8,53,0.00
884,2,98,813.40
884,8,98,0.00
884,11,98,0.00
885,2,50,415.00
885,15,50,0.00
885,18,50,0.00
885,2,61,506.30
886,18,61,0.00
886,9,61,91.50
886,2,98,813.40
887,18,98,0.00
887,15,98,0.00
887,2,85,705.50
887,17,85,0.00
888,11,85,0.00
888,2,79,655.70
888,7,79,0.00
889,8,79,0.00
889,2,54,448.20
889,16,54,0.00
889,11,54,0.00
890,2,85,705.50
890,19,85,0.00
890,14,85,0.00
890,2,96,796.80
891,18,96,0.00
891,16,96,0.00
891,2,99,821.70
892,9,99,148.50
892,13,99,0.00
892,2,88,730.40
892,16,88,0.00
893,8,88,0.00
893,2,61,506.30
893,10,61,91.50
894,13,61,0.00
894,2,56,464.80
894,9,56,84.00
894,10,56,84.00
895,2,70,581.00
895,15,70,0.00
895,15,70,0.00
895,2,79,655.70
896,14,79,0.00
896,11,79,0.00
896,2,63,522.90
897,17,63,0.00
897,8,63,0.00
897,2,85,705.50
897,9,85,127.50
898,15,85,0.00
898,2,64,531.20
898,15,64,0.00
899,14,64,0.00
899,2,87,722.10
899,17,87,0.00
899,10,87,130.50
900,2,72,597.60
900,7,72,0.00
900,13,72,0.00
900,2,62,514.60
901,18,62,0.00
901,12,62,0.00
901,2,51,423.30
902,10,51,76.50
902,16,51,0.00
902,2,82,680.60
902,13,82,0.00
903,7,82,0.00
903,2,52,431.60
903,13,52,0.00
904,19,52,0.00
904,2,65,539.50
904,7,65,0.00
904,15,65,0.00
905,2,54,448.20
905,17,54,0.00
905,17,54,0.00
905,2,74,614.20
906,10,74,111.00
906,18,74,0.00
906,2,60,498.00
907,11,60,0.00
907,14,60,0.00
907,2,63,522.90
907,10,63,94.50
908,9,63,94.50
908,2,98,813.40
908,7,98,0.00
909,12,98,0.00
909,4,69,779.70
909,19,69,0.00
909,9,69,103.50
910,8,69,0.00
910,20,69,0.00
910,4,84,949.20
910,11,84,0.00
911,18,84,0.00
911,19,84,0.00
911,4,64,723.20
911,14,64,0.00
912,8,64,0.00
912,13,64,0.00
912,21,64,0.00
912,4,94,1062.20
913,8,94,0.00
913,16,94,0.00
913,5,63,415.80
913,7,63,0.00
914,14,63,0.00
914,4,63,711.90
914,22,63,0.00
914,5,73,481.80
915,15,73,0.00
915,4,73,824.90
915,13,73,0.00
915,6,63,478.80
916,8,63,0.00
916,4,63,711.90
916,9,63,94.50
916,21,63,0.00
917,6,84,638.40
917,4,84,949.20
917,15,84,0.00
917,6,86,653.60
918,17,86,0.00
918,4,86,971.80
918,14,86,0.00
918,22,86,0.00
919,6,64,486.40
919,4,64,723.20
919,12,64,0.00
919,18,64,0.00
920,7,56,0.00
920,4,56,632.80
920,16,56,0.00
920,9,56,84.00
921,21,56,0.00
921,4,94,1062.20
921,9,94,141.00
921,7,94,0.00
922,7,100,0.00
922,4,100,1130.00
922,19,100,0.00
922,15,100,0.00
923,22,100,0.00
923,4,92,1039.60
923,7,92,0.00
923,18,92,0.00
924,16,92,0.00
924,4,53,598.90
924,15,53,0.00
924,10,53,79.50
925,7,53,0.00
925,4,53,598.90
925,8,68,0.00
925,13,68,0.00
926,17,68,0.00
926,4,70,791.00
926,8,70,0.00
926,7,70,0.00
927,14,70,0.00
927,4,70,791.00
927,8,74,0.00
927,14,74,0.00
928,12,74,0.00
928,4,74,836.20
928,9,83,124.50
928,14,83,0.00
929,12,83,0.00
929,4,83,937.90
929,20,83,0.00
929,9,98,147.00
930,16,98,0.00
930,4,98,1107.40
930,9,97,145.50
930,11,97,0.00
931,18,97,0.00
931,4,97,1096.10
931,22,97,0.00
931,9,64,96.00
932,9,64,96.00
932,4,64,723.20
932,10,64,96.00
932,10,80,120.00
933,10,80,120.00
933,4,80,904.00
933,17,80,0.00
933,21,80,0.00
934,10,57,85.50
934,4,57,644.10
934,15,57,0.00
934,10,79,118.50
935,10,79,118.50
935,4,79,892.70
935,16,79,0.00
935,21,79,0.00
936,10,90,135.00
936,4,90,1017.00
936,12,90,0.00
936,10,90,135.00
937,11,58,0.00
937,4,58,655.40
937,11,58,0.00
937,13,58,0.00
938,22,58,0.00
938,4,95,1073.50
938,17,95,0.00
938,17,95,0.00
939,11,66,0.00
939,4,66,745.80
939,11,66,0.00
939,19,66,0.00
940,22,66,0.00
940,4,50,565.00
940,15,50,0.00
940,12,50,0.00
941,16,50,0.00
941,4,56,632.80
941,19,56,0.00
941,15,56,0.00
942,14,56,0.00
942,4,56,632.80
942,12,56,0.00
942,18,56,0.00
943,15,56,0.00
943,4,81,915.30
943,16,81,0.00
943,18,81,0.00
944,11,81,0.00
944,3,58,568.40
944,17,58,0.00
944,15,58,0.00
945,22,58,0.00
945,3,65,637.00
945,12,65,0.00
945,9,65,97.50
946,22,65,0.00
946,3,83,813.40
946,12,83,0.00
946,7,83,0.00
947,21,83,0.00
947,3,59,578.20
947,8,59,0.00
947,10,59,88.50
948,20,59,0.00
948,3,74,725.20
948,7,74,0.00
948,11,74,0.00
949,21,74,0.00
949,3,86,842.80
949,7,86,0.00
949,7,86,0.00
950,21,86,0.00
950,3,73,715.40
950,9,73,109.50
950,12,73,0.00
951,20,73,0.00
951,3,85,833.00
951,8,85,0.00
951,16,85,0.00
952,22,85,0.00
952,3,60,588.00
952,10,60,90.00
952,19,60,0.00
953,20,60,0.00
953,3,87,852.60
953,13,87,0.00
953,17,87,0.00
954,22,87,0.00
954,3,75,735.00
954,18,75,0.00
954,15,75,0.00
955,21,75,0.00
955,3,89,872.20
955,11,89,0.00
955,9,89,133.50
956,21,89,0.00
956,3,53,519.40
956,15,53,0.00
956,11,53,0.00
957,20,53,0.00
957,3,100,980.00
957,15,100,0.00
957,11,100,0.00
958,20,100,0.00
958,3,97,950.60
958,10,97,145.50
958,15,97,0.00
959,21,97,0.00
959,3,86,842.80
959,15,86,0.00
959,18,86,0.00
960,21,86,0.00
960,3,97,950.60
960,11,97,0.00
960,13,97,0.00
961,21,97,0.00
961,3,52,509.60
961,18,52,0.00
961,15,52,0.00
962,22,52,0.00
962,3,57,558.60
962,17,57,0.00
962,13,57,0.00
963,21,57,0.00
963,4,62,700.60
963,9,62,93.00
963,17,62,0.00
964,15,62,0.00
964,21,62,0.00
964,4,78,881.40
964,17,78,0.00
965,9,78,117.00
965,15,78,0.00
965,4,93,1050.90
965,15,93,0.00
966,8,93,0.00
966,9,93,139.50
966,21,93,0.00
966,4,57,644.10
967,17,57,0.00
967,8,57,0.00
967,5,73,481.80
967,19,73,0.00
968,18,73,0.00
968,4,73,824.90
968,20,73,0.00
968,5,67,442.20
969,18,67,0.00
969,4,67,757.10
969,8,67,0.00
969,6,79,600.40
970,10,79,118.50
970,4,79,892.70
970,8,79,0.00
970,21,79,0.00
971,6,89,676.40
971,4,89,1005.70
971,11,89,0.00
971,6,96,729.60
972,9,96,144.00
972,4,96,1084.80
972,13,96,0.00
972,20,96,0.00
973,6,71,539.60
973,4,71,802.30
973,12,71,0.00
973,8,71,0.00
974,7,95,0.00
974,4,95,1073.50
974,10,95,142.50
974,7,95,0.00
975,22,95,0.00
975,4,53,598.90
975,10,53,79.50
975,11,53,0.00
976,7,50,0.00
976,4,50,565.00
976,13,50,0.00
976,14,50,0.00
977,22,50,0.00
977,4,96,1084.80
977,10,96,144.00
977,17,96,0.00
978,8,96,0.00
978,4,57,644.10
978,8,57,0.00
978,12,57,0.00
979,18,57,0.00
979,4,57,644.10
979,8,96,0.00
979,14,96,0.00
980,17,96,0.00
980,4,93,1050.90
980,13,93,0.00
980,13,93,0.00
981,15,93,0.00
981,4,93,1050.90
981,8,93,0.00
981,11,93,0.00
982,10,93,139.50
982,4,93,1050.90
982,9,86,129.00
982,13,86,0.00
983,14,86,0.00
983,4,86,971.80
983,20,86,0.00
983,9,71,106.50
984,9,71,106.50
984,4,71,802.30
984,9,93,139.50
984,14,93,0.00
985,17,93,0.00
985,4,93,1050.90
985,21,93,0.00
985,9,97,145.50
986,13,97,0.00
986,4,97,1096.10
986,9,97,145.50
986,10,84,126.00
987,8,84,0.00
987,4,84,949.20
987,10,84,126.00
987,22,84,0.00
988,10,93,139.50
988,4,93,1050.90
988,10,93,139.50
988,10,87,130.50
989,19,87,0.00
989,4,87,983.10
989,12,87,0.00
989,22,87,0.00
990,10,94,141.00
990,4,94,1062.20
990,12,94,0.00
990,16,94,0.00
991,11,53,0.00
991,4,53,598.90
991,7,53,0.00
991,8,53,0.00
992,21,53,0.00
992,4,75,847.50
992,15,75,0.00
992,17,75,0.00
993,11,60,0.00
993,4,60,678.00
993,7,60,0.00
993,13,60,0.00
994,20,60,0.00
994,4,73,824.90
994,17,73,0.00
994,19,73,0.00
995,19,73,0.00
995,4,68,768.40
995,11,68,0.00
995,14,68,0.00
996,15,68,0.00
996,4,68,768.40
996,12,60,0.00
996,10,60,90.00
997,19,60,0.00
997,4,67,757.10
997,18,67,0.00
997,14,67,0.00
998,18,67,0.00
998,3,94,921.20
998,15,94,0.00
998,16,94,0.00
999,21,94,0.00
999,3,92,901.60
999,9,92,138.00
999,8,92,0.00
1000,20,92,0.00
1000,3,64,627.20
1000,7,64,0.00
1000,15,64,0.00
1001,21,64,0.00
1001,3,79,774.20
1001,18,79,0.00
1001,19,79,0.00
1002,20,79,0.00
1002,3,51,499.80
1002,8,51,0.00
1002,7,51,0.00
1003,20,51,0.00
1003,3,94,921.20
1003,9,94,141.00
1003,14,94,0.00
1004,21,94,0.00
1004,3,82,803.60
1004,17,82,0.00
1004,9,82,123.00
1005,21,82,0.00
1005,3,95,931.00
1005,9,95,142.50
1005,13,95,0.00
1006,20,95,0.00
1006,3,74,725.20
1006,17,74,0.00
1006,11,74,0.00
1007,20,74,0.00
1007,3,58,568.40
1007,12,58,0.00
1007,14,58,0.00
1008,22,58,0.00
1008,3,85,833.00
1008,17,85,0.00
1008,17,85,0.00
1009,21,85,0.00
1009,3,67,656.60
1009,13,67,0.00
1009,7,67,0.00
1010,20,67,0.00
1010,3,69,676.20
1010,9,69,103.50
1010,8,69,0.00
1011,20,69,0.00
1011,3,74,725.20
1011,18,74,0.00
1011,12,74,0.00
1012,21,74,0.00
1012,3,86,842.80
1012,15,86,0.00
1012,12,86,0.00
1013,20,86,0.00
1013,3,67,656.60
1013,12,67,0.00
1013,17,67,0.00
1014,21,67,0.00
1014,3,92,901.60
1014,14,92,0.00
1014,7,92,0.00
1015,21,92,0.00
1015,3,68,666.40
1015,14,68,0.00
1015,18,68,0.00
1016,21,68,0.00
1016,3,84,823.20
1016,9,84,126.00
1016,9,84,126.00
1017,21,84,0.00
1017,4,59,666.70
1017,7,59,0.00
1017,10,59,88.50
1018,12,59,0.00
1018,21,59,0.00
1018,4,57,644.10
1018,16,57,0.00
1019,15,57,0.00
1019,13,57,0.00
1019,4,81,915.30
1019,8,81,0.00
1020,15,81,0.00
1020,13,81,0.00
1020,21,81,0.00
1020,4,91,1028.30
1021,18,91,0.00
1021,15,91,0.00
1021,5,56,369.60
1021,17,56,0.00
1022,19,56,0.00
1022,4,56,632.80
1022,21,56,0.00
1022,5,57,376.20
1023,18,57,0.00
1023,4,57,644.10
1023,18,57,0.00
1023,6,55,418.00
1024,8,55,0.00
1024,4,55,621.50
1024,16,55,0.00
1024,21,55,0.00
1025,6,62,471.20
1025,4,62,700.60
1025,14,62,0.00
1025,6,72,547.20
1026,13,72,0.00
1026,4,72,813.60
1026,7,72,0.00
1026,22,72,0.00
1027,6,54,410.40
1027,4,54,610.20
1027,19,54,0.00
1027,8,54,0.00
1028,7,86,0.00
1028,4,86,971.80
1028,8,86,0.00
1028,15,86,0.00
1029,20,86,0.00
1029,4,58,655.40
1029,9,58,87.00
1029,19,58,0.00
1030,7,66,0.00
1030,4,66,745.80
1030,11,66,0.00
1030,18,66,0.00
1031,20,66,0.00
1031,4,87,983.10
1031,16,87,0.00
1031,9,87,130.50
1032,13,87,0.00
1032,4,70,791.00
1032,7,70,0.00
1032,16,70,0.00
1033,9,70,105.00
1033,4,70,791.00
1033,8,90,0.00
1033,13,90,0.00
1034,19,90,0.00
1034,4,87,983.10
1034,13,87,0.00
1034,13,87,0.00
1035,18,87,0.00
1035,4,87,983.10
1035,8,55,0.00
1035,8,55,0.00
1036,18,55,0.00
1036,4,55,621.50
1036,9,75,112.50
1036,14,75,0.00
1037,16,75,0.00
1037,4,75,847.50
1037,22,75,0.00
1037,9,75,112.50
1038,11,75,0.00
1038,4,75,847.50
1038,9,81,121.50
1038,8,81,0.00
1039,8,81,0.00
1039,4,81,915.30
1039,21,81,0.00
1039,9,75,112.50
1040,19,75,0.00
1040,4,75,847.50
1040,12,75,0.00
1040,10,56,84.00
1041,10,56,84.00
1041,4,56,632.80
1041,16,56,0.00
1041,22,56,0.00
1042,10,64,96.00
1042,4,64,723.20
1042,17,64,0.00
1042,10,76,114.00
1043,8,76,0.00
1043,4,76,858.80
1043,7,76,0.00
1043,22,76,0.00
1044,10,80,120.00
1044,4,80,904.00
1044,10,80,120.00
1044,12,80,0.00
1045,11,76,0.00
1045,4,76,858.80
1045,9,76,114.00
1045,15,76,0.00
1046,22,76,0.00
1046,4,65,734.50
1046,19,65,0.00
1046,14,65,0.00
1047,11,55,0.00
1047,4,55,621.50
1047,13,55,0.00
1047,13,55,0.00
1048,20,55,0.00
1048,4,76,858.80
1048,13,76,0.00
1048,7,76,0.00
1049,8,76,0.00
1049,4,55,621.50
1049,11,55,0.00
1049,9,55,82.50
1050,17,55,0.00
1050,4,55,621.50
1050,12,54,0.00
1050,19,54,0.00
1051,7,54,0.00
1051,4,68,768.40
1051,18,68,0.00
1051,15,68,0.00
1052,9,68,102.00
1052,2,73,605.90
1052,9,73,109.50
1052,13,73,0.00
1053,2,89,738.70
1053,15,89,0.00
1053,11,89,0.00
1053,2,97,805.10
1054,16,97,0.00
1054,10,97,145.50
1054,2,86,713.80
1055,12,86,0.00
1055,7,86,0.00
1055,2,83,688.90
1055,19,83,0.00
1056,14,83,0.00
1056,2,63,522.90
1056,12,63,0.00
1057,13,63,0.00
1057,2,79,655.70
1057,11,79,0.00
1057,7,79,0.00
1058,2,58,481.40
1058,8,58,0.00
1058,7,58,0.00
1058,2,93,771.90
1059,19,93,0.00
1059,12,93,0.00
1059,2,71,589.30
1060,17,71,0.00
1060,19,71,0.00
1060,2,91,755.30
1060,7,91,0.00
1061,13,91,0.00
1061,2,66,547.80
1061,7,66,0.00
1062,10,66,99.00
1062,2,89,738.70
1062,17,89,0.00
1062,17,89,0.00
1063,2,99,821.70
1063,19,99,0.00
1063,7,99,0.00
1063,2,86,713.80
1064,14,86,0.00
1064,14,86,0.00
1064,2,71,589.30
1065,18,71,0.00
1065,11,71,0.00
1065,2,96,796.80
1065,9,96,144.00
1066,7,96,0.00
1066,2,84,697.20
1066,12,84,0.00
1067,11,84,0.00
1067,2,97,805.10
1067,11,97,0.00
1067,19,97,0.00
1068,2,77,639.10
1068,14,77,0.00
1068,18,77,0.00
1068,2,68,564.40
1069,17,68,0.00
1069,17,68,0.00
1069,2,97,805.10
1070,7,97,0.00
1070,14,97,0.00
1070,2,75,622.50
1070,7,75,0.00
1071,18,75,0.00
1071,2,76,630.80
1071,15,76,0.00
1072,17,76,0.00
1072,2,76,630.80
1072,19,76,0.00
1072,16,76,0.00
1073,2,60,498.00
1073,18,60,0.00
1073,14,60,0.00
1073,2,82,680.60
1074,13,82,0.00
1074,15,82,0.00
1074,2,67,556.10
1075,12,67,0.00
1075,13,67,0.00
1075,2,80,664.00
1075,16,80,0.00
1076,17,80,0.00
1076,2,51,423.30
1076,13,51,0.00
1077,8,51,0.00
1077,2,80,664.00
1077,7,80,0.00
1077,14,80,0.00
1078,2,77,639.10
1078,18,77,0.00
1078,11,77,0.00
1078,2,54,448.20
1079,12,54,0.00
1079,11,54,0.00
1079,2,98,813.40
1080,18,98,0.00
1080,16,98,0.00
1080,2,71,589.30
1080,19,71,0.00
1081,16,71,0.00
1081,2,29,240.70
1081,9,29,43.50
1082,19,29,0.00
1082,2,95,788.50
1082,18,95,0.00
1082,13,95,0.00
1083,2,53,439.90
1083,10,53,79.50
1083,15,53,0.00
1083,2,87,722.10
1084,15,87,0.00
1084,18,87,0.00
1084,2,95,788.50
1085,10,95,142.50
1085,16,95,0.00
1085,2,54,448.20
1085,16,54,0.00
1086,16,54,0.00
1086,2,50,415.00
1086,13,50,0.00
1087,10,50,75.00
1087,10,50,75.00
1087,2,54,448.20
1088,9,54,81.00
1088,7,54,0.00
1088,7,54,0.00
1089,2,82,680.60
1089,15,82,0.00
1089,10,82,123.00
1089,8,82,0.00
1090,2,97,805.10
1090,10,97,145.50
1090,17,97,0.00
1090,7,97,0.00
1091,2,65,539.50
1091,14,65,0.00
1091,13,65,0.00
1091,16,65,0.00
1092,2,93,771.90
1092,12,93,0.00
1092,7,93,0.00
1092,19,93,0.00
1093,2,58,481.40
1093,12,58,0.00
1093,8,58,0.00
1093,7,58,0.00
1094,2,68,564.40
1094,19,68,0.00
1094,13,68,0.00
1094,14,68,0.00
1095,2,98,813.40
1095,17,98,0.00
1095,15,98,0.00
1095,17,98,0.00
1096,2,82,680.60
1096,17,82,0.00
1096,17,82,0.00
1096,10,82,123.00
1097,2,57,473.10
1097,14,57,0.00
1097,9,57,85.50
1097,12,57,0.00
1098,2,63,522.90
1098,18,63,0.00
1098,19,63,0.00
1098,10,63,94.50
1099,2,64,531.20
1099,10,64,96.00
1099,8,64,0.00
1099,7,64,0.00
1100,2,87,722.10
1100,17,87,0.00
1100,8,87,0.00
1101,20,87,0.00
1101,3,81,793.80
1101,10,81,121.50
1101,19,81,0.00
1102,22,81,0.00
1102,3,91,891.80
1102,16,91,0.00
1102,9,91,136.50
1103,22,91,0.00
1103,3,94,921.20
1103,10,94,141.00
1103,19,94,0.00
1104,20,94,0.00
1104,3,75,735.00
1104,7,75,0.00
1104,10,75,112.50
1105,20,75,0.00
1105,3,74,725.20
1105,7,74,0.00
1105,8,74,0.00
1106,22,74,0.00
1106,3,57,558.60
1106,11,57,0.00
1106,11,57,0.00
1107,22,57,0.00
1107,3,57,558.60
1107,16,57,0.00
1107,18,57,0.00
1108,21,57,0.00
1108,3,95,931.00
1108,9,95,142.50
1108,14,95,0.00
1109,22,95,0.00
1109,3,62,607.60
1109,11,62,0.00
1109,11,62,0.00
1110,22,62,0.00
1110,3,52,509.60
1110,10,52,78.00
1110,14,52,0.00
1111,20,52,0.00
1111,3,99,970.20
1111,13,99,0.00
1111,8,99,0.00
1112,20,99,0.00
1112,3,72,705.60
1112,10,72,108.00
1112,11,72,0.00
1113,22,72,0.00
1113,3,61,597.80
1113,17,61,0.00
1113,15,61,0.00
1114,21,61,0.00
1114,3,70,686.00
1114,12,70,0.00
1114,8,70,0.00
1115,20,70,0.00
1115,3,83,813.40
1115,16,83,0.00
1115,7,83,0.00
1116,21,83,0.00
1116,3,93,911.40
1116,14,93,0.00
1116,17,93,0.00
1117,22,93,0.00
1117,3,86,842.80
1117,14,86,0.00
1117,11,86,0.00
1118,21,86,0.00
1118,4,83,937.90
1118,15,83,0.00
1118,10,83,124.50
1119,19,83,0.00
1119,21,83,0.00
1119,4,64,723.20
1119,18,64,0.00
1120,12,64,0.00
1120,9,64,96.00
1120,4,84,949.20
1120,7,84,0.00
1121,10,84,126.00
1121,16,84,0.00
1121,22,84,0.00
1121,4,95,1073.50
1122,19,95,0.00
1122,10,95,142.50
1122,5,51,336.60
1122,15,51,0.00
1123,11,51,0.00
1123,4,51,576.30
1123,20,51,0.00
1123,5,83,547.80
1124,10,83,124.50
1124,4,83,937.90
1124,7,83,0.00
1124,6,99,752.40
1125,17,99,0.00
1125,4,99,1118.70
1125,14,99,0.00
1125,20,99,0.00
1126,6,58,440.80
1126,4,58,655.40
1126,13,58,0.00
1126,6,82,623.20
1127,8,82,0.00
1127,4,82,926.60
1127,17,82,0.00
1127,21,82,0.00
1128,6,63,478.80
1128,4,63,711.90
1128,14,63,0.00
1128,18,63,0.00
1129,7,68,0.00
1129,4,68,768.40
1129,15,68,0.00
1129,7,68,0.00
1130,21,68,0.00
1130,4,95,1073.50
1130,14,95,0.00
1130,17,95,0.00
1131,7,73,0.00
1131,4,73,824.90
1131,12,73,0.00
1131,10,73,109.50
1132,20,73,0.00
1132,4,70,791.00
1132,13,70,0.00
1132,19,70,0.00
1133,14,70,0.00
1133,4,80,904.00
1133,19,80,0.00
1133,17,80,0.00
1134,14,80,0.00
1134,4,80,904.00
1134,8,88,0.00
1134,15,88,0.00
1135,9,88,132.00
1135,4,50,565.00
1135,17,50,0.00
1135,7,50,0.00
1136,15,50,0.00
1136,4,50,565.00
1136,8,99,0.00
1136,16,99,0.00
1137,12,99,0.00
1137,4,99,1118.70
1137,9,85,127.50
1137,18,85,0.00
1138,9,85,127.50
1138,4,85,960.50
1138,21,85,0.00
1138,9,57,85.50
1139,9,57,85.50
1139,4,57,644.10
1139,9,99,148.50
1139,17,99,0.00
1140,10,99,148.50
1140,4,99,1118.70
1140,22,99,0.00
1140,9,60,90.00
1141,12,60,0.00
1141,4,60,678.00
1141,17,60,0.00
1141,10,63,94.50
1142,13,63,0.00
1142,4,63,711.90
1142,11,63,0.00
1142,22,63,0.00
1143,10,91,136.50
1143,4,91,1028.30
1143,8,91,0.00
1143,10,72,108.00
1144,13,72,0.00
1144,4,72,813.60
1144,19,72,0.00
1144,22,72,0.00
1145,10,59,88.50
1145,4,59,666.70
1145,11,59,0.00
1145,16,59,0.00
1146,11,84,0.00
1146,4,84,949.20
1146,19,84,0.00
1146,17,84,0.00
1147,22,84,0.00
1147,4,97,1096.10
1147,8,97,0.00
1147,13,97,0.00
1148,11,59,0.00
1148,4,59,666.70
1148,15,59,0.00
1148,19,59,0.00
1149,20,59,0.00
1149,4,65,734.50
1149,13,65,0.00
1149,9,65,97.50
1150,7,65,0.00
1150,4,54,610.20
1150,16,54,0.00
1150,11,54,0.00
1151,15,54,0.00
1151,4,54,610.20
1151,12,71,0.00
1151,9,71,106.50
1152,15,71,0.00
1152,4,85,960.50
1152,15,85,0.00
1152,14,85,0.00
1153,17,85,0.00
1153,2,90,747.00
1153,13,90,0.00
1153,18,90,0.00
1154,2,90,747.00
1154,19,90,0.00
1154,8,90,0.00
1154,2,73,605.90
1155,13,73,0.00
1155,11,73,0.00
1155,2,82,680.60
1156,8,82,0.00
1156,10,82,123.00
1156,2,99,821.70
1156,8,99,0.00
1157,16,99,0.00
1157,2,71,589.30
1157,11,71,0.00
1158,10,71,106.50
1158,2,58,481.40
1158,7,58,0.00
1158,13,58,0.00
1159,2,57,473.10
1159,12,57,0.00
1159,7,57,0.00
1159,2,54,448.20
1160,15,54,0.00
1160,8,54,0.00
1160,2,57,473.10
1161,9,57,85.50
1161,16,57,0.00
1161,2,78,647.40
1161,18,78,0.00
1162,16,78,0.00
1162,2,71,589.30
1162,13,71,0.00
1163,7,71,0.00
1163,2,51,423.30
1163,7,51,0.00
1163,8,51,0.00
1164,2,93,771.90
1164,17,93,0.00
1164,15,93,0.00
1164,2,67,556.10
1165,15,67,0.00
1165,17,67,0.00
1165,2,79,655.70
1166,14,79,0.00
1166,11,79,0.00
1166,2,50,415.00
1166,13,50,0.00
1167,17,50,0.00
1167,2,72,597.60
1167,10,72,108.00
1168,14,72,0.00
1168,2,61,506.30
1168,12,61,0.00
1168,16,61,0.00
1169,2,93,771.90
1169,10,93,139.50
1169,12,93,0.00
1169,2,76,630.80
1170,8,76,0.00
1170,12,76,0.00
1170,2,88,730.40
1171,9,88,132.00
1171,15,88,0.00
1171,2,87,722.10
1171,10,87,130.50
1172,8,87,0.00
1172,2,50,415.00
1172,15,50,0.00
1173,11,50,0.00
1173,2,66,547.80
1173,9,66,99.00
1173,7,66,0.00
1174,2,53,439.90
1174,16,53,0.00
1174,12,53,0.00
1174,2,98,813.40
1175,10,98,147.00
1175,7,98,0.00
1175,2,77,639.10
1176,15,77,0.00
1176,16,77,0.00
1176,2,55,456.50
1176,12,55,0.00
1177,13,55,0.00
1177,2,100,830.00
1177,19,100,0.00
1178,17,100,0.00
1178,2,87,722.10
1178,7,87,0.00
1178,9,87,130.50
1179,2,73,605.90
1179,7,73,0.00
1179,18,73,0.00
1179,2,70,581.00
1180,10,70,105.00
1180,18,70,0.00
1180,2,69,572.70
1181,18,69,0.00
1181,14,69,0.00
1181,2,66,547.80
1181,17,66,0.00
1182,16,66,0.00
1182,2,30,249.00
1182,10,30,45.00
1183,17,30,0.00
1183,2,74,614.20
1183,16,74,0.00
1183,16,74,0.00
1184,2,90,747.00
1184,15,90,0.00
1184,17,90,0.00
1184,2,81,672.30
1185,10,81,121.50
1185,17,81,0.00
1185,2,87,722.10
1186,18,87,0.00
1186,12,87,0.00
1186,2,99,821.70
1186,10,99,148.50
1187,7,99,0.00
1187,2,82,680.60
1187,8,82,0.00
1188,17,82,0.00
1188,8,82,0.00
1188,2,90,747.00
1189,8,90,0.00
1189,11,90,0.00
1189,11,90,0.00
1190,2,59,489.70
1190,19,59,0.00
1190,9,59,88.50
1190,12,59,0.00
1191,2,94,780.20
1191,15,94,0.00
1191,12,94,0.00
1191,15,94,0.00
1192,2,69,572.70
1192,16,69,0.00
1192,17,69,0.00
1192,12,69,0.00
1193,2,56,464.80
1193,16,56,0.00
1193,13,56,0.00
1193,12,56,0.00
1194,2,81,672.30
1194,14,81,0.00
1194,9,81,121.50
1194,7,81,0.00
1195,2,98,813.40
1195,18,98,0.00
1195,17,98,0.00
1195,9,98,147.00
1196,2,57,473.10
1196,8,57,0.00
1196,8,57,0.00
1196,19,57,0.00
1197,2,60,498.00
1197,14,60,0.00
1197,12,60,0.00
1197,18,60,0.00
1198,2,69,572.70
1198,11,69,0.00
1198,10,69,103.50
1198,13,69,0.00
1199,2,61,506.30
1199,19,61,0.00
1199,12,61,0.00
1199,7,61,0.00
1200,2,76,630.80
1200,19,76,0.00
1200,8,76,0.00
1200,18,76,0.00
1201,2,75,622.50
1201,15,75,0.00
1201,7,75,0.00